VehicleId,VehicleNo,VehicleDescription,MortgageAmount,VehicleGroup,Location,CreatedDate,PurchaseDate,PurchaseMileage,AssetCode,CurrentMileage,CurrentDriver,CurrentCustomer,LatestAgreement,FuelLevel,VehicleType,VehicleModelCode,VehicleMake,VehicleTransmission,VehicleFuelType,VehicleColor,Engine,ChasisNumber,EngineNumber,AverageFuelConsumption,TankCapacity,MainSeats,Additionalseats,Luggage,Capacity,Weight,VendorCode,VendorPaymentAmount,MortgageCompanyName,MortgageNo,MortgageNoOfMonths,MortgageCommencedDate,MortgageEndDate,InsuranceCompanyName,PolicyType,InsurancePolicyNo,InsuranceAmount,InsurancePolicyStartDate,MainteanceMileage,ServiceIntervalDays,LastServiceMileage,LastServiceDate,NextServiceMileage,NextServiceDate,EmissionTestCompanyName,EmissionTestNo,EmissionTestCommencingDate,EmissionTestExpiryDate,IsEmiTestPassed,RevenueLicenseNo,RevenueAmount,RevenueCommencingDate,RevenueExpiryDate,Status,StartDate,EndDate,Reason,DocumentStatus,MortgageInstallmentAmount,EmissionTestAmount,CheckOutDate,CheckOutTime,CheckInDate,CheckInTime
1.68722E+14,WP PI-0100,WP PI-0101,0,Cab,Finance Department,6/9/2022 13:39,8/14/2017 0:00,0,,163692,,,,99,Cab,RANGER,FORD,Other,Diesel,Orange,1000,,,0,0,0,0,0,0,0,,0,,,0,,,,,,0,,0,0,0,,0,,,,,,FALSE,,0,,,Available,,,,Released,0,0,,,,
1.68891E+14,253-4412,253-4412,0,Cab,Finance Department,4/18/2022 16:32,6/8/1999 0:00,0,,335212,,,0,96,Cab,KR-LN109,Toyota,Other,Diesel,GREEN,,LN109-0002424,3L-3955996,0,0,0,0,,0,0,,2905941,,,0,,,,,,0,,0,0,0,,0,,,,,,FALSE,,0,,,Available,,,,Released,0,0,,,,
1.68892E+14,58-2502,Cab - 58-2502,0,Cab,Finance Department,4/18/2022 16:32,6/13/1996 0:00,0,,581950,,,0,96,Cab,BM02,DATSUN,Other,Diesel,Pearl White,,BMD21-621463,TD27-041645,0,0,0,0,,0,0,,1430000,,,0,,,,,,0,,0,0,0,,0,,,,,,FALSE,,0,,,Available,,,,Released,0,0,,,,
1.6889E+14,226-9578,226-9578,0,Cab,Extension Department,4/18/2022 16:32,8/17/1999 0:00,0,,431054,A0006 [Hikkaduwa Direct Sales],0,0,40,Cab,1611,Leyland,Other,Diesel,Teak Green,,KZR-200781,CZH-079773,0,0,0,0,,0,0,,1321520.46,,,0,,,,,,0,,0,0,0,,0,,,,,,FALSE,,0,,,Not Available,,,,Released,0,0,,,,
1.68814E+14,WP-HA-6881,WP HA-6881,0,Lorry,Farmer Supply Unit,4/18/2022 16:32,2/28/2003 0:00,0,,20675,0,0,0,0,Lorry,106,Isuzu,Other,Diesel,White,,0,0,0,0,0,0,,0,0,,2400000,,,0,,,,,,0,,0,0,0,,0,,,,,,FALSE,,0,,,Available,,,,Released,0,0,,,,
1.68823E+14,WP LO 8016,WP LO 8016,0,Lorry,Farmer Supply Unit,6/7/2022 8:51,7/8/2020 0:00,0,,465228,A0012 [Negambo Direc,,,71,Lorry,Fuso-Cab,Mitsubishi,Other,Diesel,White,,MEC0463ACKP035529,400923D0021933,0,0,0,0,,0,0,,9500000,,,0,,,,,,0,,0,0,0,,0,,,,,,FALSE,,0,,,Not Available,,,,Released,0,0,,,,
1.68668E+14,WP LK-3749,WP LK-3749,0,Lorry,Farmer Supply Unit,6/7/2022 10:48,10/1/2012 0:00,0,,589432,,,,15,Lorry,106,Isuzu,Other,Diesel,Light Blue,4570,JAANPR7101549,4HG1-013580,0,0,0,0,,0,0,,9500000,,,0,,,,,,0,,0,0,0,,0,,,,,,FALSE,,0,,,Available,,,,Released,0,0,,,,
1.68887E+14,WP LK-3945,WP LK-3945,0,Lorry,Farmer Supply Unit,7/2/2024 7:50,10/1/2012 0:00,0,,259875,,,,96,Lorry,106,Isuzu,Other,Diesel,Light Blue,4570,JAANPR7101549,4HG1-013580,0,0,0,0,,0,0,,9500000,,,0,,,,,,0,,0,0,0,,0,,,,,,FALSE,,0,,,Available,,,,Released,0,0,,,,
1.68836E+14,WP-LK-3206,WP LK-3206,0,Lorry,Farmer Supply Unit,4/18/2022 16:32,10/1/2012 0:00,0,,925922,,0,0,74,Lorry,NPR71H,Isuzu,Other,Diesel,White Aluminium,,JAANPR71HC7101556,4HG1-014005,0,0,0,0,,0,0,,4865555,,,0,,,,,,0,,0,0,0,,0,,,,,,FALSE,,0,,,Available,,,,Released,0,0,,,,
1.68839E+14,WP-LE-1301,WP LE-1301,0,Lorry,Farmer Supply Unit,4/18/2022 16:32,9/10/2007 0:00,0,,715184,0,0,0,0,Lorry,NPR-66L,Isuzu,Other,Diesel,White Aluminium,,JAANPR66L77108476,4FH1-549341,0,0,0,0,,0,0,,2555000,,,0,,,,,,0,,0,0,0,,0,,,,,,FALSE,,0,,,Available,,,,Released,0,0,,,,
1.6884E+14,WP-LE-1305,WP LE-1305,0,Lorry,Farmer Supply Unit,4/18/2022 16:32,9/10/2007 0:00,0,,996254,,,0,73,Lorry,106,Isuzu,Other,Diesel,White,,JAANPR66L77107704,4HF1-540579,0,0,0,0,,0,0,,3455000,,,0,,,,,,0,,0,0,0,,0,,,,,,FALSE,,0,,,Available,,,,Released,0,0,,,,
1.68841E+14,WP-LJ-9466,WP LJ-9466,0,Lorry,Farmer Supply Unit,4/18/2022 16:32,6/7/2012 0:00,0,,915965,,,0,82,Lorry,NPR71H,Isuzu,Other,Diesel,Aluminium White,,JAANPR71HB7100947,4HG1-966854,0,0,0,0,,0,0,,4388700,,,0,,,,,,0,,0,0,0,,0,,,,,,FALSE,,0,,,Available,,,,Released,0,0,,,,
1.68842E+14,WP-LL-1019,WP LL-1019,0,Lorry,Farmer Supply Unit,4/18/2022 16:32,12/19/2013 0:00,0,,796979,0,0,0,0,Lorry,NPR71H,Isuzu,Other,Diesel,Aluminium White,,JAANPR71HD7101343,4HG1-161161,0,0,0,0,,0,0,,5187560,,,0,,,,,,0,,0,0,0,,0,,,,,,FALSE,,0,,,Available,,,,Released,0,0,,,,
1.68843E+14,New-Chicks-Lorry,New Chicks Lorry,0,Lorry,Farmer Supply Unit,4/18/2022 16:32,,0,,1000,A0001 [General Employee],0,0,32,Lorry,Fuso-Cab,Mitsubishi,Other,Diesel,White,,,,0,0,0,0,,0,0,,4990000,,,0,,,,,,0,,0,0,0,,0,,,,,,FALSE,,0,,,Not Available,,,,Released,0,0,,,,
1.68845E+14,Fork-Lift-1,Fork Lift,0,Fork-Lift,Farmer Supply Unit,4/18/2022 16:32,,0,,8230,0,0,0,0,Fork-Lift,Other,Other,Other,Diesel,Other,,,,0,0,0,0,,0,0,,635000,,,0,,,,,,0,,0,0,0,,0,,,,,,FALSE,,0,,,Available,,,,Released,0,0,,,,
1.68824E+14,WP KY-5096,WP KY-5096,0,Jeep,General Admin,4/20/2023 7:10,8/14/2017 0:00,0,,219950,,,,0,Car,DBA.KSP130-VITZ,Toyota,Other,Diesel,White Blue,1000,,,0,0,0,0,0,0,0,,0,,,0,,,,,,0,,0,0,0,,0,,,,,,FALSE,,0,,,Available,,,,Released,0,0,,,,
1.68802E+14,WP-RA-7547,WP RA-7547,0,Tractor,General Admin,4/18/2022 16:32,8/8/2007 0:00,0,,3195,,0,0,90,Tractor,575DI,Mahindra,Other,Diesel,Red,,8 VNC-046,ENSX824,0,0,0,0,,0,0,,875000,,,0,,,,,,0,,0,0,0,,0,,,,,,FALSE,,0,,,Available,,,,Released,0,0,,,,
1.68684E+14,WP PH-4019,WP PH-4019,0,Cab,General Admin,11/21/2023 5:52,8/26/1996 0:00,0,,0,,,,0,Cab,None,Toyota,,Diesel,Black,0,LN107-0000180,3l-2770806,0,0,0,0,0,0,0,,1290000,,,0,,,,,,0,,0,0,0,,0,,,,,,FALSE,,0,,,Available,,,,Released,0,0,,,,
1.68897E+14,WP-LE-1704,WP LE-1704,0,Lorry,Farmer Supply Unit,4/18/2022 16:32,9/17/2007 0:00,0,,702016,,,0,0,Lorry,TAURUS2516,Lanka-Ashok-Leyland,Other,Diesel,Blue,,YPR241923,ZPE-436784,0,0,0,0,,0,0,,3160000,,,0,,,,,,0,,0,0,0,,0,,,,,,FALSE,,0,,,Available,,,,Released,0,0,,,,
1.68813E+14,WP-LJ-0174,WP LJ-0174,0,Lorry,Finish Goods,4/18/2022 16:32,11/22/2011 0:00,0,,429088,,0,0,100,Lorry,NMR71E,Isuzu,Other,Diesel,White Aluminium,,JAANMR71EB7100153,4HG1-928390,0,0,0,0,,0,0,,5487856,,,0,,,,,,0,,0,0,0,,0,,,,,,FALSE,,0,,,Available,,,,Released,0,0,,,,
1.68857E+14,WP-PH-4015,WP PH-4015,0,Cab,General Admin,4/18/2022 16:32,9/19/2016 0:00,0,,195992,0,0,0,0,Cab,HILUX-REVO,Toyota,Other,Diesel,Black,,MR0BA3CD200006129,1GD0152370,0,0,0,0,,0,0,,11000000,,,0,,,,,,0,,0,0,0,,0,,,,,,FALSE,,0,,,Available,,,,Released,0,0,,,,
1.6896E+14,WP CAE-3131,WP CAE-3131,0,Cab,General Admin,6/2/2023 9:10,,0,,0,,,,0,Cab,,,Auto,Diesel,Silver,0,,,0,0,0,0,0,0,0,,0,,,0,,,,,,0,,0,0,0,,0,,,,,,FALSE,,0,,,Available,,,,Released,0,0,,,,
1.68176E+14,MD Home,MD Home,0,,General Admin,10/2/2023 12:01,3/1/2023 0:00,0,,0,,,,0,,,,,Diesel,,2500,,,0,0,0,0,0,0,0,,0,,,0,,,,,,0,,0,0,0,,0,,,,,,FALSE,,0,,,Available,,,,Released,0,0,,,,
1.68184E+14,WP PJ-1284,WP PJ-1284,0,Cab,General Admin,4/10/2023 9:05,8/14/2017 0:00,0,,189195,,,,72,Cab,RANGER,FORD,Other,Diesel,Black,1000,,,0,0,0,0,0,0,0,,0,,,0,,,,,,0,,0,0,0,,0,,,,,,FALSE,,0,,,Available,,,,Released,0,0,,,,
1.68294E+14,WP LM-4501,WP LM-4501,0,Lorry,General Admin,1/24/2025 4:57,10/1/2024 0:00,0,,85838,,,,0,Lorry,106,Isuzu,Other,Diesel,Light Blue,4570,JAANPR7101549,4HG1-013580,0,0,0,0,,0,0,,9500000,,,0,,,,,,0,,0,0,0,,0,,,,,,FALSE,,0,,,Available,,,,Released,0,0,,,,
1.6838E+14,WP RA-9777,WP RA-9777,0,Tractor,General Admin,1/24/2025 4:59,,0,,0,,,,0,Tractor,575DI,Mahindra,Manual,Diesel,Red,1000,,,0,0,0,0,0,0,0,,0,,,0,,,,,,0,,0,0,0,,0,,,,,,FALSE,,0,,,Available,,,,Released,0,0,,,,
1.68114E+14,65-0168,65-0168,0,Jeep,Human Resources,11/3/2023 8:09,3/2/1980 0:00,0,,0,,,,0,Jeep,None,Mitsubishi,Other,Diesel,Grey,,UB569GW-8152738,4K12-210378,0,0,0,0,,0,0,,0,,,0,,,,,,0,,0,0,0,,0,,,,,,FALSE,,0,,,Available,,,,Released,0,0,,,,
1.68946E+14,252--6677,252-6677,0,Cab,Human Resources,4/18/2022 16:45,8/26/1996 0:00,0,,602768,,,,95,Cab,None,Toyota,,Diesel,Grey,0,LN107-0000180,3l-2770806,0,0,0,0,0,0,0,,1290000,,,0,,,,,,0,,0,0,0,,0,,,,,,FALSE,,0,,,Available,,,,Released,0,0,,,,
1.68873E+14,WP-LL-3291,WP LL-3291,0,Lorry,Human Resources,4/18/2022 16:32,7/14/2014 0:00,0,,801690,,,0,97,Lorry,NQR-71K,Isuzu,Other,Diesel,Silver White,,JAAN1R71KE7100168,4HG1-217770,0,0,0,0,,0,0,,4997800,,,0,,,,,,0,,0,0,0,,0,,,,,,FALSE,,0,,,Available,,,,Released,0,0,,,,
1.68893E+14,250-3467,250-3467,0,Cab,Human Resources,4/18/2022 16:32,10/21/1996 0:00,0,,742524,,,0,96,Cab,LN0107,Toyota,Other,Diesel,MAROON,,LN107-0000242,3L-2787654,0,0,0,0,,0,0,,2677375,,,0,,,,,,0,,0,0,0,,0,,,,,,FALSE,,0,,,Available,,,,Released,0,0,,,,
1.68877E+14,WP-LO-0476,WP LO-0476,0,Lorry,General Admin,4/18/2022 16:32,8/14/2018 0:00,0,,412723,,0,0,95,Lorry,E-COMET-1214,Lanka-Ashok-Leyland,Other,Diesel,White,,MB1A2GAD2HRES8258,4FHZ408675,0,0,0,0,,0,0,,4198943.42,,,0,,,,,,0,,0,0,0,,0,,,,,,FALSE,,0,,,Available,,,,Released,0,0,,,,
1.68919E+14,WP-PH-4519,WP PH-4519,0,Cab,General Admin,4/18/2022 16:32,11/11/2016 0:00,0,,0,,,0,0,Cab,RANGER,FORD,Other,Diesel,Aliminium Mattalic,,MNBLMEF00GW564781,P4AT2189915,0,0,0,0,,0,0,,8113980,,,0,,,,,,0,,0,0,0,,0,,,,,,FALSE,,0,,,Available,,,,Released,0,0,,,,
1.68812E+14,WP-LI-3628,WP LI-3628,0,Lorry,Kottawa Direct Sales,4/18/2022 16:32,6/29/2011 0:00,0,,446367,,0,0,60,Lorry,NMR71E-FREEZER-TRUCK,Isuzu,Other,Diesel,White,,JAANMR71EB7100084,4HG1 890387,0,0,0,0,,0,0,,5457851,,,0,,,,,,0,,0,0,0,,0,,,,,,FALSE,,0,,,Available,,,,Released,0,0,,,,
1.68844E+14,WP-LG-9395,WP LG-9395,0,Cab,Maintenance Department,4/18/2022 16:32,1/12/2010 0:00,0,,518818,,,0,95,Cab,KB4TNEMR,Mitsubishi,Other,Diesel,Black,,MMBENKB409D047272,4D56UCBN7320,0,0,0,0,,0,0,,2232143,,,0,,,,,,0,,0,0,0,,0,,,,,,FALSE,,0,,,Available,,,,Released,0,0,,,,
1.68878E+14,WP-LO-5241,WP LO-5241,0,Lorry,Maintenance Department,4/18/2022 16:32,7/8/2019 0:00,0,,327609,,,0,82,Lorry,TUSKER-SUPER1618,Lanka-Ashok-Leyland,Other,Diesel,White,,MB1A3HHD8JRWA2292,JWHZ450422,0,0,0,0,,0,0,,5974969.43,,,0,,,,,,0,,0,0,0,,0,,,,,,FALSE,,0,,,Available,,,,Released,0,0,,,,
1.68382E+14,Grass Cutter,Grass Cutter,0,Other Equipment,Maintenance Department,5/18/2023 10:38,3/1/2023 0:00,0,,0,,,,0,,,,Other,Diesel,White,125,,,0,0,0,0,0,0,0,,0,,,0,,,,,,0,,0,0,0,,0,,,,,,FALSE,,0,,,Available,,,,Released,0,0,,,,
1.68243E+13,WP LP-2356,WP LP-2356,0,Lorry,Material Supply Unit,12/16/2022 9:32,12/28/2021 0:00,0,,287431,,,,96,Lorry,E-Comet 1012,Isuzu,Other,Diesel,Aluminium White,5839,MB1ARGCC0MRJL6292,MJHZ404766,0,0,0,0,,0,5170,,9500000,,,0,,,,,,0,,0,0,0,,0,,,,,,FALSE,,0,,,Available,,,,Released,0,0,,,,
1.68874E+14,WP-LG-1467,WP LG-1467,0,Lorry,Material Supply Unit,4/18/2022 16:32,1/12/2009 0:00,0,,903015,,,0,63,Lorry,NQR71R,Isuzu,Other,Diesel,Other,,JAAN1R71R87102705,4HG1-672613,0,0,0,0,,0,0,,15490366,,,0,,,,,,0,,0,0,0,,0,,,,,,FALSE,,0,,,Available,,,,Released,0,0,,,,
1.68875E+14,WP-LM-2358,WP LM-2358,0,Lorry,Material Supply Unit,4/18/2022 16:32,4/27/2016 0:00,0,,637946,,,0,59,Lorry,NQR71K,Isuzu,Other,Diesel,Silver White,,JAANIR71KF7100296,4HG1-460371,0,0,0,0,,0,0,,5042337,,,0,,,,,,0,,0,0,0,,0,,,,,,FALSE,,0,,,Available,,,,Released,0,0,,,,
1.68822E+14,WP-LM-2603,WP LM-2603,0,Lorry,Material Supply Unit,4/18/2022 16:32,5/18/2016 0:00,0,,449901,,,0,95,Lorry,NQR71K,Isuzu,Other,Diesel,White Blue,,JAANIR71KF7100295,4HG1-460363,0,0,0,0,,0,0,,6979485,,,0,,,,,,0,,0,0,0,,0,,,,,,FALSE,,0,,,Available,,,,Released,0,0,,,,
1.68895E+14,WP-LB-2606,WP LB-2606,0,Lorry,Other Location,4/18/2022 16:32,3/21/2006 0:00,0,,527562,0,0,0,0,Lorry,FREEZER-TRUCK,Isuzu,Other,Diesel,White,,NPR71L7429516,4HG1-851476,0,0,0,0,,0,0,,4065000,,,0,,,,,,0,,0,0,0,,0,,,,,,FALSE,,0,,,Available,,,,Released,0,0,,,,
1.68896E+14,WP-LH-6468,WP LH-6468,0,Lorry,Other Location,4/18/2022 16:32,9/24/2010 0:00,0,,0,0,0,0,0,Lorry,LPT-1109,Tata,Other,Diesel,Blue,,MAT416403A7R15230,497TC93DZY820963,0,0,0,0,,0,0,,4620535,,,0,,,,,,0,,0,0,0,,0,,,,,,FALSE,,0,,,Available,,,,Released,0,0,,,,
1.68465E+14,Concrete Mixture,Concrete Mixture,0,Other Equipment,Maintenance Department,10/11/2024 5:27,3/1/2023 0:00,0,,0,,,,0,,,,Other,Diesel,White,125,,,0,0,0,0,0,0,0,,0,,,0,,,,,,0,,0,0,0,,0,,,,,,FALSE,,0,,,Available,,,,Released,0,0,,,,
1.68894E+14,WP-DAD-2064,WP DAD-2064,0,Cab,Other Location,4/18/2022 16:32,4/28/2016 0:00,0,,0,0,0,0,0,Cab,XENON-LIGHT-TRUCK,Tata,Other,Diesel,White Black,,MAT524004GSR00790,497SPTC29ATY602937,0,0,0,0,,0,0,,1263500,,,0,,,,,,0,,0,0,0,,0,,,,,,FALSE,,0,,,Available,,,,Released,0,0,,,,
1.68904E+14,WP-RY-4585,WP RY-4585,0,Tailer,Other Location,4/18/2022 16:32,6/29/2018 0:00,0,,0,0,0,0,0,Tailer,TRACTOR-TRAILER,LOCALLY-BUILT,Other,Diesel,Grey,,T1577-18TTL,NONE,0,0,0,0,,0,0,,1574000,,,0,,,,,,0,,0,0,0,,0,,,,,,FALSE,,0,,,Available,,,,Released,0,0,,,,
1.68905E+14,WP-RB-2550,WP RB-2550,0,Tractor,Other Location,4/18/2022 16:32,1/30/2009 0:00,0,,5422,0,0,0,0,Tractor,575DI,Mahindra,Other,Diesel,Red,,9VNC610,ENSX1541,0,0,0,0,,0,0,,0,,,0,,,,,,0,,0,0,0,,0,,,,,,FALSE,,0,,,Available,,,,Released,0,0,,,,
1.68906E+14,WP-ZA-1954,WP ZA-1954,0,JCB,Other Location,4/18/2022 16:32,2/16/2012 0:00,0,,631.5,0,0,0,0,JCB,Tasker,Mitsubishi,Other,Diesel,Other,,948968,RG38086UI140033L,0,0,0,0,,0,0,,0,,,0,,,,,,0,,0,0,0,,0,,,,,,FALSE,,0,,,Available,,,,Released,0,0,,,,
1.68935E+14,Road-Roller,Road Roller,0,Road-Roller,Other Location,4/18/2022 16:36,,0,,3456,,,,0,Road-Roller,Other,Other,Other,Diesel,Other,0,,,0,0,0,0,0,0,0,,0,,,0,,,,,,0,,0,0,0,,0,,,,,,FALSE,,0,,,Available,,,,Released,0,0,,,,
1.68312E+14,Generator,Generator,0,Generator,Production Department,5/14/2023 6:58,3/1/2023 0:00,0,,26029,,,,0,,,,Other,Diesel,White,1000,,,0,0,0,0,0,0,0,,0,,,0,,,,,,0,,0,0,0,,0,,,,,,FALSE,,0,,,Available,,,,Released,0,0,,,,
1.68907E+14,WP-NA-8164,WP NA-8164,0,Bus,Production Department,4/18/2022 16:32,7/10/2010 0:00,0,,319978,,,0,96,Bus,VIKING,Lanka-Ashok-Leyland,Other,Diesel,White Blue,,MB1P8EHA6AEND4324,NAE129268Z,0,0,0,0,,0,0,,3696000,,,0,,,,,,0,,0,0,0,,0,,,,,,FALSE,,0,,,Available,,,,Released,0,0,,,,
1.68911E+14,WP-PD-1960,WP PD-1960,0,Crow-Cab,Purchasing Department,4/18/2022 16:32,3/28/2006 0:00,0,,570739,,0,0,97,Crow-Cab,FB511B8WR,Mitsubishi,Other,Diesel,White,,FB511BA48423,4M40HA9416,0,0,0,0,,0,0,,2900000,,,0,,,,,,0,,0,0,0,,0,,,,,,FALSE,,0,,,Available,,,,Released,0,0,,,,
1.68923E+14,WP-LF-4737,WP LF-4737,0,Lorry,S&M - Head Office,4/18/2022 16:32,6/25/2009 0:00,0,,493876,,0,0,95,Lorry,FE73PB6R,Mitsubishi,Other,Diesel,Blue,,FE73PB A00380,4D34-L61909,0,0,0,0,,0,0,,2900000,,,0,,,,,,0,,0,0,0,,0,,,,,,FALSE,,0,,,Available,,,,Released,0,0,,,,
1.68924E+14,WP-LF-4739,WP LF-4739,0,Lorry,S&M - Head Office,4/18/2022 16:32,6/25/2008 0:00,0,,550975,,0,0,96,Lorry,FE73PB6R,Mitsubishi,Other,Diesel,Light Blue,,FE73PB A00385,4D34L62559,0,0,0,0,,0,0,,2900000,,,0,,,,,,0,,0,0,0,,0,,,,,,FALSE,,0,,,Available,,,,Released,0,0,,,,
1.68925E+14,WP-LO-2258,WP LO-2258,0,Lorry,S&M - Head Office,4/18/2022 16:32,11/27/2018 0:00,0,,258951,,0,0,96,Lorry,FE71CBNR4R,Mitsubishi,Other,Diesel,White,,FE71CB A60058,4D33-R10337,0,0,0,0,,0,0,,4445000,,,0,,,,,,0,,0,0,0,,0,,,,,,FALSE,,0,,,Available,,,,Released,0,0,,,,
1.68926E+14,WP-LF-9441,WP LF-9441,0,Lorry,S&M - Head Office,4/18/2022 16:32,10/29/2008 0:00,0,,521822,,0,0,96,Lorry,NKR66E,Isuzu,Other,Diesel,Blue,,JAANKR66E87100411,4HFI-651619,0,0,0,0,,0,0,,525000,,,0,,,,,,0,,0,0,0,,0,,,,,,FALSE,,0,,,Available,,,,Released,0,0,,,,
1.68927E+14,WP-LF-4750,WP LF-4750,0,Lorry,S&M - Head Office,4/18/2022 16:32,6/25/2008 0:00,0,,1,,0,0,96,Lorry,FER73PB6R,Mitsubishi,Other,Diesel,Light Blue,,FE73PB A00413,4D34L66634,0,0,0,0,,0,0,,3020500,,,0,,,,,,0,,0,0,0,,0,,,,,,FALSE,,0,,,Available,,,,Released,0,0,,,,
1.68928E+14,WP-LK-3676,WP LK-3676,0,Lorry,S&M - Head Office,4/18/2022 16:32,10/23/2012 0:00,0,,442679,,0,0,94,Lorry,NMR-71E-FREEZER-,Isuzu,Other,Diesel,Blue White,,JAANMR71EC7100084,4HG1-028028,0,0,0,0,,0,0,,6184880,,,0,,,,,,0,,0,0,0,,0,,,,,,FALSE,,0,,,Available,,,,Released,0,0,,,,
1.68929E+14,WP-LG-5951,WP LG-5951,0,Lorry,S&M - Head Office,4/18/2022 16:32,9/23/2009 0:00,0,,578828,,0,0,92,Lorry,NKR66E,Isuzu,Other,Diesel,Blue,,JAANKR66E87100469,4HF1-699356,0,0,0,0,,0,0,,3316000,,,0,,,,,,0,,0,0,0,,0,,,,,,FALSE,,0,,,Available,,,,Released,0,0,,,,
1.68901E+14,WP-ZA-0825,WP ZA-0825,0,Bulldozer,Other Location,4/18/2022 16:32,6/20/2011 0:00,0,,0,0,0,0,0,Bulldozer,M46F,Mitsubishi,Other,Diesel,YELLOW,,HA46F-370250,0610387 C,0,0,0,0,,0,0,,1560000,,,0,,,,,,0,,0,0,0,,0,,,,,,FALSE,,0,,,Available,,,,Released,0,0,,,,
1.68902E+14,Dozer,Dozer,0,Dozer,Other Location,4/18/2022 16:32,6/28/2019 0:00,0,,0,0,0,0,0,Dozer,Tasker,Mitsubishi,Other,Diesel,Other,,125,125,0,0,0,0,,0,0,,0,,,0,,,,,,0,,0,0,0,,0,,,,,,FALSE,,0,,,Available,,,,Released,0,0,,,,
1.68855E+14,WP-NA-2384,WP NA-2384,0,Bus,Production Department,4/18/2022 16:32,7/5/2006 0:00,0,,504416,,,0,96,Bus,COMET-MINRO,Lanka-Ashok-Leyland,Other,Diesel,White Green,,JDE569644,J DH 348740,0,0,0,0,,0,0,,2225000,,,0,,,,,,0,,0,0,0,,0,,,,,,FALSE,,0,,,Available,,,,Released,0,0,,,,
1.68913E+14,WP-LE-2172,WP LE-2172,0,Lorry,S&M - Head Office,4/18/2022 16:32,9/27/2007 0:00,0,,593087,,0,0,97,Lorry,NKR66E-FREEZER-TRUCK,Isuzu,Other,Diesel,White,,JAANKR66E77100829,4HFI-549302,0,0,0,0,,0,0,,4143514.33,,,0,,,,,,0,,0,0,0,,0,,,,,,FALSE,,0,,,Available,,,,Released,0,0,,,,
1.68914E+14,WP-LI-9368,WP LI-9368,0,Lorry,S&M - Head Office,4/18/2022 16:32,11/3/2011 0:00,0,,4686821,,0,0,98,Lorry,NMR71E,Isuzu,Other,Diesel,White,,JAANMR71EB7100146,4HG1-924091,0,0,0,0,,0,0,,5487856,,,0,,,,,,0,,0,0,0,,0,,,,,,FALSE,,0,,,Available,,,,Released,0,0,,,,
1.68915E+14,WP-LK-3282,WP LK-3282,0,Lorry,S&M - Head Office,4/18/2022 16:32,10/4/2012 0:00,0,,524509,,0,0,93,Lorry,NMR71E-FREEZER-TRUCK,Isuzu,Other,Diesel,White Blue,,JAANMR71EC7100076,4HG1-017864,0,0,0,0,,0,0,,6184880,,,0,,,,,,0,,0,0,0,,0,,,,,,FALSE,,0,,,Available,,,,Released,0,0,,,,
1.68295E+14,WP LP-8383,WP LP-8383,0,Lorry,S&M - Head Office,4/28/2026 3:19,4/23/2026 0:00,0,,0,,,,0,Lorry,FREEZER-TRUCK,Isuzu,Manual,Diesel,White Blue,2999,NMR85-7038103,4JJ1-3F7654,0,0,2,2,,2990,5325,,9500000,,,0,,,,,,0,,0,0,0,,0,,,,,,FALSE,,0,,,Available,,,,Released,0,0,,,,
1.68163E+14,New Lorry - C05-1013,New Lorry - C05-1013,0,Lorry,S&M - Head Office,1/29/2026 9:58,12/2/2014 0:00,0,,319034,,,,0,Lorry,FORWARD-PKG-FRR90T2,Isuzu,Other,Diesel,White,,FRR90-7019235,4HK1-816570,0,0,0,0,,0,0,,4900000,,,0,,,,,,0,,0,0,0,,0,,,,,,FALSE,,0,,,Available,,,,Released,0,0,,,,
1.6816E+14,WP LP 1794,WP LP 1794,0,Lorry,S&M - Head Office,8/29/2022 6:15,10/1/2021 0:00,0,,134897,,,,96,Lorry,106,Isuzu,Other,Diesel,Light Blue,4570,JAANLR77EL7102503,4JH1-122C83,0,0,0,0,,0,0,,10500000,,,0,,,,,,0,,0,0,0,,0,,,,,,FALSE,,0,,,Available,,,,Released,0,0,,,,
1.68343E+13,WP LP-1795,WP LP-1795,0,Lorry,S&M - Head Office,12/16/2022 10:27,10/1/2021 0:00,0,,164680,,,,97,Lorry,NLR77U-EE1AYN,Isuzu,Other,Diesel,White Blue,2999,JAANLR77EL7102506,4JH1-122E15,0,0,0,0,,0,0,,9500000,,,0,,,,,,0,,0,0,0,,0,,,,,,FALSE,,0,,,Available,,,,Released,0,0,,,,
1.68143E+13,WP LP-1792,WP LP-1792,0,Lorry,S&M - Head Office,12/16/2022 10:26,10/1/2021 0:00,0,,160475,,,,96,Lorry,NLR77U-EE1AYN,Isuzu,Other,Diesel,White Blue,2999,JAANLR77EL7102507,4JH1-122E40,0,0,0,0,,0,0,,9500000,,,0,,,,,,0,,0,0,0,,0,,,,,,FALSE,,0,,,Available,,,,Released,0,0,,,,
1.68991E+14,WP LP-1790,WP LP-1790,0,Lorry,S&M - Head Office,12/16/2022 10:25,10/1/2021 0:00,0,,205170,,,,95,Lorry,NLR77U-EE1AYN,Isuzu,Other,Diesel,White Blue,2999,JAANLR77EL7102505,4JH1-122E61,0,0,0,0,,0,0,,9500000,,,0,,,,,,0,,0,0,0,,0,,,,,,FALSE,,0,,,Available,,,,Released,0,0,,,,
1.68372E+14,WP LP-3506,WP LP-3506,0,Lorry,S&M - Head Office,4/25/2023 6:01,,0,,112101,,,,94,Lorry,NQR71L,Isuzu,Manual,Diesel,Aluminium White,3980,JAANPR75HL7100701,HK10DZ335,0,0,0,0,0,0,0,,0,,,0,,,,,,0,,0,0,0,,0,,,,,,FALSE,,0,,,Available,,,,Released,0,0,,,,
1.68593E+13,WP LP-1796,WP LP-1796,0,Lorry,S&M - Head Office,12/16/2022 10:28,10/1/2021 0:00,0,,144372,,,,96,Lorry,NLR77U-EE1AYN,Isuzu,Other,Diesel,White Blue,2999,JAANLR77EL7102504,4JH1-122D16,4.5,0,0,0,,0,0,,9500000,,,0,,,,,,0,,0,0,0,,0,,,,,,FALSE,,0,,,Available,,,,Released,0,0,,,,
1.68491E+14,WP JC-8930 (Hire),WP JC-8930 (Hire),0,Lorry,S&M - Head Office,4/26/2023 10:56,10/23/2012 0:00,0,,0,,,,0,Lorry,NMR-71E-FREEZER-,Isuzu,Other,Diesel,Blue White,,JAANMR71EC7100084,4HG1-028028,0,0,0,0,,0,0,,6184880,,,0,,,,,,0,,0,0,0,,0,,,,,,FALSE,,0,,,Available,,,,Released,0,0,,,,
1.68866E+14,WP-LH-0169,WP LH-0169,0,Lorry,S&M - Head Office,4/18/2022 16:32,2/5/2010 0:00,0,,459131,,,0,94,Lorry,NMR71E-FREEZER-TRUCK,Isuzu,Other,Diesel,White,,JAANMR71E97100090,4HG1-763224,0,0,0,0,,0,0,,4199759.33,,,0,,,,,,0,,0,0,0,,0,,,,,,FALSE,,0,,,Available,,,,Released,0,0,,,,
1.68867E+14,WP-LI-8317,WP LI-8317,0,Lorry,S&M - Head Office,4/18/2022 16:32,10/12/2011 0:00,0,,441963,,0,0,95,Lorry,NMR71E-FREEZER-TRUCK,Isuzu,Other,Diesel,White,,JAANMR71EB7100152,4HG1-928041,0,0,0,0,,0,0,,5514656,,,0,,,,,,0,,0,0,0,,0,,,,,,FALSE,,0,,,Available,,,,Released,0,0,,,,
1.68894E+14,WP LP-3633,WP LP-3633,0,Lorry,S&M - Head Office,12/12/2023 11:14,12/1/2023 0:00,0,,143003,,,,96,Lorry,NQR-71K,Isuzu,Other,Diesel,White Grey,4570,JAAN1R71KG7100292,4HG1-552086,0,0,0,0,,0,0,,9500000,,,0,,,,,,0,,0,0,0,,0,,,,,,FALSE,,0,,,Available,,,,Released,0,0,,,,
1.68863E+14,WP-LE-2171,WP LE-2171,0,Lorry,S&M - Head Office,4/18/2022 16:32,9/27/2007 0:00,0,,535367,,,0,96,Lorry,NKR66E-FREEZER-TRUCK,Isuzu,Other,Diesel,White,,JAANKR66E77100816,4HFI-548632,0,0,0,0,,0,0,,3493514.33,,,0,,,,,,0,,0,0,0,,0,,,,,,FALSE,,0,,,Available,,,,Released,0,0,,,,
1.68864E+14,WP-LG-0883,WP LG-0883,0,Lorry,S&M - Head Office,4/18/2022 16:32,12/15/2008 0:00,0,,204460,,0,0,95,Lorry,NKR66E,Isuzu,Other,Diesel,Blue,,JAANKR66E87100409,4HFI-651501,0,0,0,0,,0,0,,5000000,,,0,,,,,,0,,0,0,0,,0,,,,,,FALSE,,0,,,Available,,,,Released,0,0,,,,
1.68821E+14,WP-LM-0431,WP LM-0431,0,Lorry,S&M - Head Office,4/18/2022 16:32,11/30/2015 0:00,0,,394392,,0,0,94,Lorry,NMR71E,Isuzu,Other,Diesel,Blue/Aluminium,,JAANMR71EF7100166,4HG1-408394,0,0,0,0,,0,0,,5630525,,,0,,,,,,0,,0,0,0,,0,,,,,,FALSE,,0,,,Available,,,,Released,0,0,,,,
1.68903E+14,WP-RV-2373-Tailer,WP RV-2373 Tailer,0,Tailer,Other Location,4/18/2022 16:32,8/17/2006 0:00,0,,0,0,0,0,0,Tailer,LOCALY-BUILD,NIKU,Other,NOT STATED,Red,,T27263,None,0,0,0,0,,0,0,,0,,,0,,,,,,0,,0,0,0,,0,,,,,,FALSE,,0,,,Available,,,,Released,0,0,,,,
1.68865E+14,WP-RW-4185,WP RW-4185,0,Tailer,Eheliyagoda Own Farm,4/18/2022 16:32,12/19/2011 0:00,0,,0,0,0,0,0,Tailer,TRACTOR-TRAILER,NIROSH-TRAILER,Other,NOT STATED,Grey,,T40040-11TTL,None,0,0,0,0,,0,0,,0,,,0,,,,,,0,,0,0,0,,0,,,,,,FALSE,,0,,,Available,,,,Released,0,0,,,,
1.68257E+14,Agri Stock,Fuel issue for Nelna Agri,0,,,4/27/2026 7:59,,0,,0,,,,0,,,,,,,0,,,0,0,0,0,0,0,0,,0,,,0,,,,,,0,,0,0,0,,0,,,,,,FALSE,,0,,,Available,,,,Released,0,0,,,,
1.68387E+14,POLICE-VEHICLE,POLICE-VEHICLE,0,Jeep,,4/10/2023 8:41,,0,,0,,,,0,,,,,,,0,,,0,0,0,0,0,0,0,,0,,,0,,,,,,0,,0,0,0,,0,,,,,,FALSE,,0,,,Available,,,,Released,0,0,,,,
1.68267E+14,LK-8819,WP LK-8819,0,Lorry,Farmer Supply Unit,4/10/2023 8:38,,0,,74,,,,65,Lorry,,,,,,0,,,0,0,0,0,0,0,0,,0,,,0,,,,,,0,,0,0,0,,0,,,,,,FALSE,,0,,,Available,,,,Released,0,0,,,,
1.68144E+14,LN 8732,,0,Tipper trucks,Nelna Agri Development (Pvt) Ltd,4/10/2026 8:59,,0,,0,,,,0,Tractor,,,,,,0,,,0,0,0,0,0,0,0,,0,,,0,,,,,,0,,0,0,0,,0,,,,,,FALSE,,0,,,Available,,,,Released,0,0,,,,
1.68404E+14,RD 0332,RD0332,0,Tractor,Nelna Agri Development (Pvt) Ltd,4/10/2026 7:46,,0,,0,,,,0,Tractor,,,,,,0,,,0,0,0,0,0,0,0,,0,,,0,,,,,,0,,0,0,0,,0,,,,,,FALSE,,0,,,Available,,,,Released,0,0,,,,
1.68999E+14,Tractor Nelna Agri,,0,Tractor,Nelna Agri Development (Pvt) Ltd,4/8/2026 4:40,,0,,0,,,,0,Tractor,,,,,,0,,,0,0,0,0,0,0,0,,0,,,0,,,,,,0,,0,0,0,,0,,,,,,FALSE,,0,,,Available,,,,Released,0,0,,,,
1.68341E+14,Kovulveva,Kovulveva,0,,Narammala,9/6/2023 9:21,3/1/2023 0:00,0,,0,,,,0,,,,,Diesel,,2500,,,0,0,0,0,0,0,0,,0,,,0,,,,,,0,,0,0,0,,0,,,,,,FALSE,,0,,,Available,,,,Released,0,0,,,,
1.68472E+14,68-0380,68-0380,0,Lorry,General Operation,3/13/2026 4:09,3/1/2026 0:00,0,,278173,,,,0,Lorry,Comet-Super,Lanka-Ashok-Leyland,Other,Diesel,Red,,LWH088261,MWE398173,0,0,0,0,,0,0,,6982350,,,0,,,,,,0,,0,0,0,,0,,,,,,FALSE,,0,,,Available,,,,Released,0,0,,,,
1.68506E+14,SK 200 M10,Excavator- SK 200 M10,0,Bulldozer,General Operation,2/28/2026 3:09,1/1/2026 0:00,0,MV07000025,172,,,,0,Bulldozer,M46F,Mitsubishi,Manual,Diesel,GREEN,1000,,,0,0,0,0,0,0,0,,0,,,0,,,,,,0,,0,0,0,,0,,,,,,FALSE,,0,,,Available,,,,Released,0,0,,,,
1.68996E+14,JCB Model 336,JCB 3DX ECO 4WD BACKHOE LOADER,0,JCB,General Operation,9/26/2025 10:33,9/25/2025 0:00,0,MV07000023,0,,,,0,JCB,3CX-BACHOE-LOADER,J.C.B.,Manual,Diesel,Black / Yellow,0,HAR3DXSUP03019566,H00478143,0,0,0,0,,0,0,,2750000,,,0,,,,,,0,,0,0,0,,0,,,,,,FALSE,,0,,,Available,,,,Released,0,0,,,,
1.68876E+14,WP-RC-5628,WP RC-5628,0,Tractor,General Operation,4/18/2022 16:32,12/2/2011 0:00,0,,23930,,0,0,95,Tractor,575DI,Mahindra,Other,Diesel,Red,,12VNC436,ENSX3130,0,0,0,0,,0,0,,960000,,,0,,,,,,0,,0,0,0,,0,,,,,,FALSE,,0,,,Available,,,,Released,0,0,,,,
1.68817E+14,WP LP-1744,WP LP-1744,0,Lorry,Hathduwa Own Farm,12/16/2022 9:24,9/24/2021 0:00,0,,306988,,,,97,Lorry,E-Comet 1012,Isuzu,Other,Diesel,Silver White,4950,MB1ARGCC5MRLK1258,LAHZ412379,0,0,0,0,,0,0,,9500000,,,0,,,,,,0,,0,0,0,,0,,,,,,FALSE,,0,,,Available,,,,Released,0,0,,,,
1.68693E+13,Hathduwa Estate - 2,Hathduwa Estate - 2,0,,Hathduwa Own Farm,9/25/2025 7:07,9/25/2025 0:00,0,LD01000009,0,,,,0,,,,,Diesel,,2500,,,0,0,0,0,0,0,0,,0,,,0,,,,,,0,,0,0,0,,0,,,,,,FALSE,,0,,,Available,,,,Released,0,0,,,,
1.68188E+14,BOB CAT Machine,BOB CAT Machine,0,Dozer,Hathduwa Own Farm,2/20/2026 5:50,9/25/2025 0:00,0,,340,,,,0,Dozer,Tasker,Mitsubishi,Manual,Diesel,Black / Yellow,0,,,0,0,0,0,,0,0,,2750000,,,0,,,,,,0,,0,0,0,,0,,,,,,FALSE,,0,,,Available,,,,Released,0,0,,,,
1.68946E+14,RD-2738,RD-2738,0,Tractor,Thunkama,3/27/2026 4:21,,0,,85179,,,,0,Tractor,45VI,TAFE,Manual,Diesel,,0,,,0,0,0,0,0,0,0,,0,,,0,,,,,,0,,0,0,0,,0,,,,,,FALSE,,0,,,Available,,,,Released,0,0,,,,
1.6832E+14,RD-0332,RD-0332,0,Tractor,Thunkama,3/27/2026 4:28,,0,,4318.9,,,,0,Tractor,44DI,TAFE,Manual,Diesel,,0,,,0,0,0,0,0,0,0,,0,,,0,,,,,,0,,0,0,0,,0,,,,,,FALSE,,0,,,Available,,,,Released,0,0,,,,
1.68998E+14,LM-6632,LM-6632,0,Lorry,Thunkama,3/27/2026 4:22,,0,,265466,,,,0,Lorry,4HG1,Isuzu,Manual,Diesel,,0,,,0,0,0,0,0,0,0,,0,,,0,,,,,,0,,0,0,0,,0,,,,,,FALSE,,0,,,Available,,,,Released,0,0,,,,
1.68404E+13,RG-4806,RG-4806,0,Tractor,Thunkama,3/27/2026 4:23,,0,,5488.1,,,,0,Tractor,7250 DI,TAFE,Manual,Diesel,,0,,,0,0,0,0,0,0,0,,0,,,0,,,,,,0,,0,0,0,,0,,,,,,FALSE,,0,,,Available,,,,Released,0,0,,,,
1.68557E+14,RA-4229,RA-4229 (NB),0,Admin,Thunkama,3/10/2026 11:45,,0,,0,0,0,0,0,Tractor,45-DI,TAFE,Other,Diesel,Other,,,,0,0,0,0,,0,0,,0,,,0,,,,,,0,,0,0,0,,0,,,,,,FALSE,,0,,,Available,,,,Released,0,0,,,,
1.68425E+14,WP PU-4451,WP PU-4451,0,Lorry,Nelna Agri Development (Pvt) Ltd,5/30/2024 11:02,10/1/2021 0:00,0,,294263,,,,0,Lorry,NLR77U-EE1AYN,Isuzu,Other,Diesel,White Blue,2999,JAANLR77EL7102505,4JH1-122E61,0,0,0,0,,0,0,,9500000,,,0,,,,,,0,,0,0,0,,0,,,,,,FALSE,,0,,,Available,,,,Released,0,0,,,,
1.68402E+14,WP LN-4124,WP LN-4124,0,Lorry,Nelna Agri Development (Pvt) Ltd,5/2/2024 4:16,12/7/2017 0:00,0,,209526,,,,0,Lorry,NMR71E,Isuzu,Other,Diesel,White,,JAANMR71EH7100348,4HG1-635905,0,0,0,0,,0,0,,4250000,,,0,,,,,,0,,0,0,0,,0,,,,,,FALSE,,0,,,Available,,,,Released,0,0,,,,
1.68921E+14,WP-LG-1095,WP LG-1095,0,Lorry,Nelna Agri Development (Pvt) Ltd,4/18/2022 16:32,12/23/2008 0:00,0,,564231,,,0,73,Lorry,FTR33M,Isuzu,Other,Diesel,White Black,,JALFTR33M87000220,6HH1-437629,0,0,0,0,,0,0,,7745183,,,0,,,,,,0,,0,0,0,,0,,,,,,FALSE,,0,,,Available,,,,Released,0,0,,,,
1.6891E+14,WP LN-3678,WP LN-3678,0,Lorry,Nelna Agri Development (Pvt) Ltd,2/20/2026 5:45,10/23/2012 0:00,0,,70704,,,,0,Lorry,TUSKER-SUPER1618,Lanka-Ashok-Leyland,Other,Diesel,Blue White,,JAANMR71EC7100084,4HG1-028028,0,0,0,0,,0,0,,6184880,,,0,,,,,,0,,0,0,0,,0,,,,,,FALSE,,0,,,Available,,,,Released,0,0,,,,
1.68456E+14,WP LM-7340,WP LM-7340,0,Lorry,Nelna Agri Development (Pvt) Ltd,5/30/2024 11:03,10/1/2021 0:00,0,,106719,,,,0,Lorry,TUSKER-SUPER1618,Lanka-Ashok-Leyland,Other,Diesel,White Blue,2999,JAANLR77EL7102505,4JH1-122E61,0,0,0,0,,0,0,,9500000,,,0,,,,,,0,,0,0,0,,0,,,,,,FALSE,,0,,,Available,,,,Released,0,0,,,,
1.68201E+14,WP LL-9388,WP LL-9388,0,Lorry,Sales & Distribution - Embilipitiya,10/14/2024 4:35,10/1/2012 0:00,0,,207339,,,,73,Lorry,106,Isuzu,Other,Diesel,Light Blue,4570,JAANPR7101549,4HG1-013580,0,0,0,0,,0,0,,9500000,,,0,,,,,,0,,0,0,0,,0,,,,,,FALSE,,0,,,Available,,,,Released,0,0,,,,
1.68922E+14,WP-LA-1679,WP LA-1679,0,Lorry,Sales & Distribution - Embilipitiya,4/18/2022 16:32,7/18/2005 0:00,0,,632581,,0,0,94,Lorry,FREEZER-TRUCK,Isuzu,Other,Diesel,White,,NPR71L-7426340,4HG1-7872246,0,0,0,0,,0,0,,2606521,,,0,,,,,,0,,0,0,0,,0,,,,,,FALSE,,0,,,Available,,,,Released,0,0,,,,
1.68236E+14,Grass Cutter - WOF,Grass Cutter - WOF,0,Other Equipment,Wariyapola,6/11/2024 11:52,3/1/2023 0:00,0,,0,,,,0,,,,Other,Diesel,White,125,,,0,0,0,0,0,0,0,,0,,,0,,,,,,0,,0,0,0,,0,,,,,,FALSE,,0,,,Available,,,,Released,0,0,,,,
1.68281E+14,WP LG-6428,WP LG-6428,0,Lorry,Wariyapola,12/19/2022 9:37,5/5/2022 0:00,0,,351900,,,,65,Lorry,NQR71K,Isuzu,Other,Diesel,Aluminium White,0,MAT39602292R11133,90H62776554,0,0,0,0,0,0,7710,,9500000,,,0,,,,,,0,,0,0,0,,0,,,,,,FALSE,,0,,,Available,,,,Released,0,0,,,,
1.68799E+14,Generator - WOF,Generator - WOF,0,Generator,Wariyapola,6/11/2024 8:12,3/1/2023 0:00,0,,0,,,,0,,,,Other,Diesel,White,1000,,,0,0,0,0,0,0,0,,0,,,0,,,,,,0,,0,0,0,,0,,,,,,FALSE,,0,,,Available,,,,Released,0,0,,,,
1.68798E+14,WP LK-8422,WP LK-8422,0,Lorry,Nelna Agri Development (Pvt) Ltd,5/12/2023 7:01,10/1/2012 0:00,0,,408115,,,,0,Lorry,106,Isuzu,Other,Diesel,Light Blue,4570,JAANPR7101549,4HG1-013580,0,0,0,0,,0,0,,9500000,,,0,,,,,,0,,0,0,0,,0,,,,,,FALSE,,0,,,Available,,,,Released,0,0,,,,
1.6881E+14,WP RA-4329,WP RA-4329,0,Tractor,Nelna Agri Development (Pvt) Ltd,5/29/2023 4:35,,0,,0,,,,0,Tractor,575DI,Mahindra,Manual,Diesel,Red,1000,,,0,0,0,0,0,0,0,,0,,,0,,,,,,0,,0,0,0,,0,,,,,,FALSE,,0,,,Available,,,,Released,0,0,,,,
1.68634E+14,WP RA-4219,WP RA-4219,0,Tractor,Nelna Agri Development (Pvt) Ltd,5/25/2023 6:07,,0,,0,,,,0,Tractor,575DI,Mahindra,Manual,Diesel,Red,1000,,,0,0,0,0,0,0,0,,0,,,0,,,,,,0,,0,0,0,,0,,,,,,FALSE,,0,,,Available,,,,Released,0,0,,,,
1.68815E+14,WP-LK-3283,WP LK-3283,0,Lorry,S&M - Head Office,4/18/2022 16:32,10/4/2012 0:00,0,,387171,,0,0,68,Lorry,NMR71E-FREEZER-TRUCK,Isuzu,Other,Diesel,White Blue,,JAANMR71EC7100071,4HG1-015939,0,0,0,0,,0,0,,6184880,,,0,,,,,,0,,0,0,0,,0,,,,,,FALSE,,0,,,Available,,,,Released,0,0,,,,
1.68811E+14,WP-LE-1959,WP LE-1959,0,Lorry,S&M - Head Office,4/18/2022 16:32,9/21/2007 0:00,0,,477585,,0,0,96,Lorry,FREEZER-TRUCK,Isuzu,Other,Diesel,White,,JAANKR66E77100819,4HF1-548567,0,0,0,0,,0,0,,3493514.33,,,0,,,,,,0,,0,0,0,,0,,,,,,FALSE,,0,,,Available,,,,Released,0,0,,,,
1.68807E+14,WP-LM-0168,WP LM-0168,0,Lorry,S&M - Head Office,4/18/2022 16:32,11/11/2015 0:00,0,,382396,,0,0,56,Lorry,NMR71E,Isuzu,Other,Diesel,Blue Red,,JAANMR71EF7100161,4HG1399841,0,0,0,0,,0,0,,5630525,,,0,,,,,,0,,0,0,0,,0,,,,,,FALSE,,0,,,Available,,,,Released,0,0,,,,
1.68651E+14,WP LN-3676,WP LN-3676,0,Lorry,S&M - Head Office,9/16/2025 11:22,10/23/2012 0:00,0,,441823,,,,96,Lorry,TUSKER-SUPER1618,Lanka-Ashok-Leyland,Other,Diesel,Blue White,,JAANMR71EC7100084,4HG1-028028,0,0,0,0,,0,0,,6184880,,,0,,,,,,0,,0,0,0,,0,,,,,,FALSE,,0,,,Available,,,,Released,0,0,,,,
1.68805E+14,WP-LL-4981,WP LL-4981,0,Lorry,S&M - Dambulla DC,4/18/2022 16:32,12/2/2014 0:00,0,,521782,,0,0,96,Lorry,FORWARD-PKG-FRR90T2,Isuzu,Other,Diesel,White,,FRR90-7019235,4HK1-816570,0,0,0,0,,0,0,,4900000,,,0,,,,,,0,,0,0,0,,0,,,,,,FALSE,,0,,,Available,,,,Released,0,0,,,,
1.68808E+14,WP-LN-4842,WP LN-4842,0,Lorry,S&M - Hikkaduwa DC,4/18/2022 16:32,12/7/2017 0:00,0,,330976,,0,0,61,Lorry,NMR71E,Isuzu,Other,Diesel,White,,JAANMR71EH7100348,4HG1-635905,0,0,0,0,,0,0,,4250000,,,0,,,,,,0,,0,0,0,,0,,,,,,FALSE,,0,,,Available,,,,Released,0,0,,,,
1.68809E+14,WP-LN-9081,WP LN-9081,0,Lorry,S&M - Hikkaduwa DC,4/18/2022 16:32,6/4/2018 0:00,0,,280345,,0,0,69,Lorry,NFR71H,Isuzu,Other,Diesel,White Grey,,JAANFR71HJ7100691,4HG1-685904,0,0,0,0,,0,0,,7833778,,,0,,,,,,0,,0,0,0,,0,,,,,,FALSE,,0,,,Available,,,,Released,0,0,,,,
1.68787E+14,WP LP-1158 Hire,WP LP-1158 Hire,0,Lorry,S&M - Hikkaduwa DC,12/9/2025 7:26,12/1/2025 0:00,0,,319480,,,,96,Lorry,TUSKER-SUPER1618,Lanka-Ashok-Leyland,Other,Diesel,White Blue,2999,JAANLR77EL7102505,4JH1-122E61,0,0,0,0,,0,0,,9500000,,,0,,,,,,0,,0,0,0,,0,,,,,,FALSE,,0,,,Available,,,,Released,0,0,,,,
1.68975E+14,WP LP-7140,WP LP-7140,0,Lorry,S&M - Hikkaduwa DC,2/13/2026 6:55,3/1/2026 0:00,0,MV06000078,325169,,,,95,Lorry,NQR71L,Isuzu,Manual,Diesel,White,2990,NPR85-7066382,4HFI-548632,0,0,0,0,,0,0,,9500000,,,0,,,,,,0,,0,0,0,,0,,,,,,FALSE,,0,,,Available,,,,Released,0,0,,,,
1.68819E+14,WP-LG-9870,WP LG-9870,0,Lorry,S&M - Head Office,4/18/2022 16:32,1/25/2010 0:00,0,,528582,,0,0,66,Lorry,NMR71E-FREEZER-TRUCK,Isuzu,Other,Diesel,White,,JAANMR71E97100089,4HG1-762910,0,0,0,0,,0,0,,4199759.35,,,0,,,,,,0,,0,0,0,,0,,,,,,FALSE,,0,,,Available,,,,Released,0,0,,,,
1.68954E+14,WP LM-8941,WP LM-8941,0,Lorry,S&M - Kandy DC,12/16/2022 10:24,4/19/2017 0:00,0,,129991,,,,97,Lorry,NQR-71K,Isuzu,Other,Diesel,White Grey,4570,JAAN1R71KG7100292,4HG1-552086,0,0,0,0,,0,0,,9500000,,,0,,,,,,0,,0,0,0,,0,,,,,,FALSE,,0,,,Available,,,,Released,0,0,,,,
1.68818E+14,WP-LL-0815,WP LL-0815,0,Lorry,S&M - Negambo DC,4/18/2022 16:32,12/5/2013 0:00,0,,454606,,0,0,95,Lorry,NMR71E-FREEZER-,Isuzu,Other,Diesel,White,,JAANMR71ED7100089,4HO1-152380,0,0,0,0,,0,0,,6036000,,,0,,,,,,0,,0,0,0,,0,,,,,,FALSE,,0,,,Available,,,,Released,0,0,,,,
1.6882E+14,WP-LH-6218,WP LH-6218,0,Lorry,S&M - Negambo DC,4/18/2022 16:32,9/13/2010 0:00,0,,501911,,0,0,95,Lorry,NPR71H,Isuzu,Other,Diesel,Aluminium Blue,,JAANPR71H97102492,4HG1-762934,0,0,0,0,,0,0,,4566857,,,0,,,,,,0,,0,0,0,,0,,,,,,FALSE,,0,,,Available,,,,Released,0,0,,,,
1.68804E+14,WP-LN-5077,WP LN-5077,0,Lorry,S&M - Negambo DC,4/18/2022 16:32,12/18/2017 0:00,0,,299986,,0,0,69,Lorry,NMR71E,Isuzu,Other,Diesel,White Aluminium,,JAANMR71EH7100333,4HG1-627860,0,0,0,0,,0,0,,6175940,,,0,,,,,,0,,0,0,0,,0,,,,,,FALSE,,0,,,Available,,,,Released,0,0,,,,
1.68816E+14,WP-LL-0818,WP LL-0818,0,Lorry,S&M - Kandy DC,4/18/2022 16:32,12/5/2013 0:00,0,,342868,,0,0,62,Lorry,NMR71E-FREEZER,Isuzu,Other,Diesel,White,,JAANMR71ED7100091,4HG1-152656,0,0,0,0,,0,0,,6186000,,,0,,,,,,0,,0,0,0,,0,,,,,,FALSE,,0,,,Available,,,,Released,0,0,,,,
1.68665E+14,WP LN-3993,WP LN-3993,0,Lorry,S&M - Kandy DC,10/23/2023 6:42,12/23/2008 0:00,0,,412704,,,,97,Lorry,FTR33M,Isuzu,Other,Diesel,White Black,,JALFTR33M87000220,6HH1-437629,0,0,0,0,,0,0,,7745183,,,0,,,,,,0,,0,0,0,,0,,,,,,FALSE,,0,,,Available,,,,Released,0,0,,,,
1.68806E+14,WP-LL-0819,WP LL-0819,0,Lorry,Sales & Distribution - Embilipitiya,4/18/2022 16:32,12/5/2013 0:00,0,,431770,,0,0,96,Lorry,NMR71E-FREEZER,Isuzu,Other,Diesel,White,,JAANMR71ED7100090,4HG1-152419,0,0,0,0,,0,0,,6036000,,,0,,,,,,0,,0,0,0,,0,,,,,,FALSE,,0,,,Available,,,,Released,0,0,,,,
1.68837E+14,WP-RF-5830,WP RF-5830,0,Tractor,Wariyapola,4/18/2022 16:32,5/23/2018 0:00,0,,0,0,0,0,0,Tractor,45-DI,TAFE,Other,Diesel,Orange,,MEA66E77YG1122319,S325H39622,0,0,0,0,,0,0,,1578600,,,0,,,,,,0,,0,0,0,,0,,,,,,FALSE,,0,,,Available,,,,Released,0,0,,,,
1.6883E+14,WP-LG-9396,WP LG-9396,0,Cab,Wariyapola,4/18/2022 16:32,1/12/2010 0:00,0,,626657,0,0,0,0,Cab,KB4TNEMR,Mitsubishi,Other,Diesel,Black,,MMBENKB409D046394,4D56UCNBN8284,0,0,0,0,,0,0,,2232143,,,0,,,,,,0,,0,0,0,,0,,,,,,FALSE,,0,,,Available,,,,Released,0,0,,,,
1.68832E+14,WP-JP-5884,WP JP-5884,0,Lorry,Wariyapola,4/18/2022 16:32,1/10/2005 0:00,0,,38238,0,0,0,0,Lorry,Comet-Super,Lanka-Ashok-Leyland,Other,Diesel,Teak Green,,LWH088261,MWE398173,0,0,0,0,,0,0,,6982350,,,0,,,,,,0,,0,0,0,,0,,,,,,FALSE,,0,,,Available,,,,Released,0,0,,,,
1.68833E+14,WP-LL-8951,WP LL-8951,0,Lorry,Wariyapola,4/18/2022 16:32,3/24/2015 0:00,0,,389625,0,0,0,0,Lorry,FJY1WN1RDSA,Mitsubishi,Other,Diesel,White Orange,,MEC2121CBFP014957,400950D0015093,0,0,0,0,,0,0,,8510925,,,0,,,,,,0,,0,0,0,,0,,,,,,FALSE,,0,,,Available,,,,Released,0,0,,,,
1.68834E+14,WP-LO-7414,WP LO-7414,0,Lorry,Wariyapola,4/18/2022 16:32,5/15/2020 0:00,0,,0,0,0,0,0,Lorry,1618,Lanka-Ashok-Leyland,Other,Diesel,White / Ash,,MB1G3GHD1KRDC9138,KDHZ406379,0,0,0,0,,0,0,,5900000,,,0,,,,,,0,,0,0,0,,0,,,,,,FALSE,,0,,,Available,,,,Released,0,0,,,,
1.68835E+14,WP-HM-7587,WP HM-7587,0,JCB,Wariyapola,4/18/2022 16:32,10/23/2003 0:00,0,,0,0,0,0,0,JCB,3CX-BACHOE-LOADER,J.C.B.,Other,Diesel,Black / Yellow,,432198,AA50508U678988Y,0,0,0,0,,0,0,,2750000,,,0,,,,,,0,,0,0,0,,0,,,,,,FALSE,,0,,,Available,,,,Released,0,0,,,,
1.68854E+14,WP-LK-3748,WP LK-3748,0,Lorry,Nelna Impex (Pvt) Ltd,4/18/2022 16:32,10/11/2012 0:00,0,,362449,,0,0,98,Lorry,NPR71H,Isuzu,Other,Diesel,Aluminium White,,JAANPH71MC7101531,4HG1-312701,0,0,0,0,,0,0,,5384005,,,0,,,,,,0,,0,0,0,,0,,,,,,FALSE,,0,,,Available,,,,Released,0,0,,,,
1.68831E+14,31-1033,31-1033,0,Jeep,Nelna Agri Development (Pvt) Ltd,4/18/2022 16:32,3/2/1980 0:00,0,,378221,,,0,0,Jeep,None,Mitsubishi,Other,Diesel,Grey,,J24R-0014,4DR5-240726,0,0,0,0,,0,0,,0,,,0,,,,,,0,,0,0,0,,0,,,,,,FALSE,,0,,,Available,,,,Released,0,0,,,,
1.68813E+14,PX-3087,PX-3087,0,Cab,Thunkama,3/27/2026 4:18,,0,,282185,,,,0,Cab,CAB,Tata,Manual,Diesel,,0,,,0,0,0,0,0,0,0,,0,,,0,,,,,,0,,0,0,0,,0,,,,,,FALSE,,0,,,Available,,,,Released,0,0,,,,
1.68779E+14,K O8,K  08-AGRI,0,LAND MASTER,Thunkama,3/27/2026 4:17,,0,,0,,,,0,Tractor,K 08,Mahindra,Manual,Diesel,,0,,,0,0,0,0,0,0,0,,0,,,0,,,,,,0,,0,0,0,,0,,,,,,FALSE,,0,,,Available,,,,Released,0,0,,,,
1.68573E+14,HK-3155,HK-3155 (NB),0,Admin,Thunkama,3/10/2026 11:45,,0,,70810,0,0,0,0,Lorry,None,Isuzu,Other,Diesel,Other,,,,0,0,0,0,,0,0,,0,,,0,,,,,,0,,0,0,0,,0,,,,,,FALSE,,0,,,Available,,,,Released,0,0,,,,
1.68575E+14,LC-9183,LC-9183 (NB),0,Admin,Thunkama,3/10/2026 11:45,,0,,0,0,0,0,0,Lorry,None,Isuzu,Other,Diesel,Other,,,,0,0,0,0,,0,0,,0,,,0,,,,,,0,,0,0,0,,0,,,,,,FALSE,,0,,,Available,,,,Released,0,0,,,,
1.68563E+14,RA-6888,RA-6888 (NB),0,Admin,Thunkama,3/10/2026 11:45,,0,,0,0,0,0,0,Tractor,45-DI,TAFE,Other,Diesel,Other,,,,0,0,0,0,,0,0,,0,,,0,,,,,,0,,0,0,0,,0,,,,,,FALSE,,0,,,Available,,,,Released,0,0,,,,
1.68566E+14,CBN-2023,CBN-2023 (NB),0,Admin,Thunkama,3/10/2026 11:45,,0,,0,0,0,0,0,Double Cab,RANGER,FORD,Other,Diesel,Other,,,,0,0,0,0,,0,0,,0,,,0,,,,,,0,,0,0,0,,0,,,,,,FALSE,,0,,,Available,,,,Released,0,0,,,,
1.68567E+14,PI-0100,PI-0100 (NB),0,Admin,Thunkama,3/10/2026 11:45,,0,,165541,0,0,0,0,Double Cab,RANGER,FORD,Other,Diesel,Other,,,,0,0,0,0,,0,0,,0,,,0,,,,,,0,,0,0,0,,0,,,,,,FALSE,,0,,,Available,,,,Released,0,0,,,,
1.68568E+14,PI-0101,PI-0101 (NB),0,Admin,Thunkama,3/10/2026 11:45,,0,,296725,0,0,0,0,Double Cab,RANGER,FORD,Other,Diesel,Other,,,,0,0,0,0,,0,0,,0,,,0,,,,,,0,,0,0,0,,0,,,,,,FALSE,,0,,,Available,,,,Released,0,0,,,,
1.68569E+14,68-1893,68-1893 (NB),0,Admin,Thunkama,3/10/2026 11:45,,0,,0,0,0,0,0,Lorry,None,Isuzu,Other,Diesel,Other,,,,0,0,0,0,,0,0,,0,,,0,,,,,,0,,0,0,0,,0,,,,,,FALSE,,0,,,Available,,,,Released,0,0,,,,
1.68571E+14,DAD-2064,DAD-2064 (NB),0,Admin,Thunkama,3/10/2026 11:45,,0,,251850,0,0,0,0,Single Cab,XENON-LIGHT-TRUCK,Tata,Other,Diesel,Other,,,,0,0,0,0,,0,0,,0,,,0,,,,,,0,,0,0,0,,0,,,,,,FALSE,,0,,,Available,,,,Released,0,0,,,,
1.68601E+14,Generator - Thunkama,NB Generator - Thunkama,0,Generator,Thunkama,4/7/2026 9:30,,0,,0,,,,0,,,,Other,Diesel,White,0,,,0,0,0,0,0,0,0,,0,,,0,,,,,,0,,0,0,0,,0,,,,,,FALSE,,0,,,Available,,,,Released,0,0,,,,
1.68659E+14,Generator - Thalawa,NB Generator - Thalawa,0,Generator,Thalawa,4/7/2026 9:31,,0,,0,,,,0,,,,Other,Diesel,White,0,,,0,0,0,0,0,0,0,,0,,,0,,,,,,0,,0,0,0,,0,,,,,,FALSE,,0,,,Available,,,,Released,0,0,,,,
1.68744E+14,Generator-Hingura 1,NB Generator-Hingura 1,0,Generator,Hingura,4/7/2026 9:32,,0,,0,,,,0,,,,Other,Diesel,White,0,,,0,0,0,0,0,0,0,,0,,,0,,,,,,0,,0,0,0,,0,,,,,,FALSE,,0,,,Available,,,,Released,0,0,,,,
1.68783E+14,Generator-Hingura 2,NB Generator-Hingura 2,0,Generator,Hingura,4/7/2026 9:32,,0,,0,,,,0,,,,Other,Diesel,White,0,,,0,0,0,0,0,0,0,,0,,,0,,,,,,0,,0,0,0,,0,,,,,,FALSE,,0,,,Available,,,,Released,0,0,,,,
1.6895E+14,Generator-Hatchery 1,NB Generator-Hatchery 1,0,Generator,Kanabediara,4/7/2026 9:34,,0,,523.36,,,,0,,,,Other,Diesel,White,0,,,0,0,0,0,0,0,0,,0,,,0,,,,,,0,,0,0,0,,0,,,,,,FALSE,,0,,,Available,,,,Released,0,0,,,,
1.68972E+14,Generator-Hatchery 2,NB Generator-Hatchery 2,0,Generator,Kanabediara,4/7/2026 9:35,,0,,0,,,,0,,,,Other,Diesel,White,0,,,0,0,0,0,0,0,0,,0,,,0,,,,,,0,,0,0,0,,0,,,,,,FALSE,,0,,,Available,,,,Released,0,0,,,,
1.68923E+13,LO-8016,,0,Lorry,Farmer Supply Unit,4/11/2023 9:19,,0,,476035,,,,0,Lorry,Fuso-Cab,Mitsubishi,Other,Diesel,White,0,,,0,0,0,0,0,0,0,,0,,,0,,,,,,0,,0,0,0,,0,,,,,,FALSE,,0,,,Available,,,,Released,0,0,,,,
1.68848E+14,Fork-Lift-2,Fork Lift,0,Fork-Lift,Feed Mixing Unit,4/18/2022 16:32,,0,,5975,,,0,0,Fork-Lift,Other,Other,Other,Diesel,Other,,,,0,0,0,0,,0,0,,340000,,,0,,,,,,0,,0,0,0,,0,,,,,,FALSE,,0,,,Available,,,,Released,0,0,,,,
1.68562E+14,WP PI-5505,WP PI-5505,0,Cab,Finance Department,5/17/2023 11:03,8/14/2017 0:00,0,,219192,,,,66,Cab,RANGER,FORD,Other,Diesel,White Blue,1000,,,0,0,0,0,0,0,0,,0,,,0,,,,,,0,,0,0,0,,0,,,,,,FALSE,,0,,,Available,,,,Released,0,0,,,,
1.68929E+14,31-1386,31-1386,0,Jeep,Finance Department,5/2/2023 6:52,3/2/1980 0:00,0,,6430,,,,65,Jeep,None,Mitsubishi,Other,Diesel,Grey,,J24R-0014,4DR5-240726,0,0,0,0,,0,0,,0,,,0,,,,,,0,,0,0,0,,0,,,,,,FALSE,,0,,,Available,,,,Released,0,0,,,,
1.6887E+14,59-1079,59-1079,0,Cab,Finance Department,4/18/2022 16:32,1/7/1997 0:00,0,,590705,,0,0,96,Cab,L200,Mitsubishi,Other,Diesel,Red Silver,,JMYJNK340VP004143,4D56HN8948,0,0,0,0,,0,0,,2200000,,,0,,,,,,0,,0,0,0,,0,,,,,,FALSE,,0,,,Available,,,,Released,0,0,,,,
1.68838E+14,WP-LG-9386,WP LG-9386,0,Lorry,Feed Mixing Unit,4/18/2022 16:32,1/12/2010 0:00,0,,61164,,0,0,95,Lorry,NPR71H,Isuzu,Other,Diesel,Aluminium White,,JAANPR71H97102559,4HG1-763894,0,0,0,0,,0,0,,4199759.35,,,0,,,,,,0,,0,0,0,,0,,,,,,FALSE,,0,,,Available,,,,Released,0,0,,,,
1.68856E+14,WP-CAE-3397,WP CAE-3397,0,Cab,Feed Mixing Unit,4/18/2022 16:32,2/27/2015 0:00,0,,412092,,,0,62,Cab,FORTUNER,Toyota,Other,Diesel,Super White,,MHFYZ59G504013555,1KD-A700732,0,0,0,0,,0,0,,10030680,,,0,,,,,,0,,0,0,0,,0,,,,,,FALSE,,0,,,Available,,,,Released,0,0,,,,
1.68859E+14,Fork Lift - 3,Fork Lift - 3,0,Fork-Lift,Feed Mixing Unit,3/18/2024 8:15,,0,,0,,,,0,Fork-Lift,Other,Other,Other,Diesel,Other,,,,0,0,0,0,,0,0,,340000,,,0,,,,,,0,,0,0,0,,0,,,,,,FALSE,,0,,,Available,,,,Released,0,0,,,,
1.68871E+14,WP-LH-4021,WP LH-4021,0,Lorry,Feed Mixing Unit,4/18/2022 16:32,5/5/2010 0:00,0,,990492,,0,0,85,Lorry,NQR71C,Isuzu,Other,Diesel,White,,JAAN1R71L97100182,4HG1-768317,0,0,0,0,,0,0,,3866671,,,0,,,,,,0,,0,0,0,,0,,,,,,FALSE,,0,,,Available,,,,Released,0,0,,,,
1.68872E+14,WP-LJ-4078,WP LJ-4078,0,Lorry,Feed Mixing Unit,4/18/2022 16:32,2/16/2012 0:00,0,,16279,,0,0,69,Lorry,NQR71L,Isuzu,Other,Diesel,Other,,JAAN1R71LB7100239,4HG1-959041,0,0,0,0,,0,0,,5358261.5,,,0,,,,,,0,,0,0,0,,0,,,,,,FALSE,,0,,,Available,,,,Released,0,0,,,,
1.68825E+14,42-8314,42-8314,0,Lorry,Feed Mixing Unit,4/18/2022 16:32,10/16/1991 0:00,0,,281136,,0,0,20,Lorry,XENON-LIGHT-TRUCK,Tata,Other,Diesel,Red,,0,0,0,0,0,0,,0,0,,500000,,,0,,,,,,0,,0,0,0,,0,,,,,,FALSE,,0,,,Available,,,,Released,0,0,,,,
1.68665E+14,WP PI-0101,WP PI-0101,0,Cab,Finance Department,4/20/2023 7:05,8/14/2017 0:00,0,,293536,,,,61,Cab,RANGER,FORD,Other,Diesel,White Blue,1000,,,0,0,0,0,0,0,0,,0,,,0,,,,,,0,,0,0,0,,0,,,,,,FALSE,,0,,,Available,,,,Released,0,0,,,,
1.68849E+14,Fork-Lift-Electric-(Order-Picker),Fork Lift - Electric (Order Picker),0,Fork-Lift,Feed Mixing Unit,4/18/2022 16:32,,0,,0,0,0,0,0,Fork-Lift,Other,Other,Other,NOT STATED,Other,,,,0,0,0,0,,0,0,,6214744,,,0,,,,,,0,,0,0,0,,0,,,,,,FALSE,,0,,,Available,,,,Released,0,0,,,,
1.68803E+14,WP-BCE-5154,WP BCE-5154,0,Bike,Farmer Supply Unit,4/18/2022 16:32,4/23/2015 0:00,0,,82715,0,0,0,0,Bike,GN-125H,Suzuki,Other,Petrol,Red,,LC6PCJG96F0008771,157FMI-3A3T25705,0,0,0,0,,0,0,,266000,,,0,,,,,,0,,0,0,0,,0,,,,,,FALSE,,0,,,Available,,,,Released,0,0,,,,
1.6892E+14,WP-KI-2940,WP KI-2940,0,Car,Finance Department,4/18/2022 16:32,2/3/2010 0:00,0,,429589,,,0,98,Car,UA-HT513,Suzuki,Other,Petrol,Silver,,HT518-831583,M13A-1486601,0,0,0,0,,0,0,,2215000,,,0,,,,,,0,,0,0,0,,0,,,,,,FALSE,,0,,,Available,,,,Released,0,0,,,,
1.68912E+14,WP-BFE-1437,WP BFE-1437,0,Bike,Finance Department,4/18/2022 16:32,6/13/2017 0:00,0,,58590,,0,0,97,Bike,GN-125H,Suzuki,Other,Petrol,Black,,LC6PCJG95H0013821,157FMI-3*A3T56083*,0,0,0,0,,0,0,,288900,,,0,,,,,,0,,0,0,0,,0,,,,,,FALSE,,0,,,Available,,,,Released,0,0,,,,
1.68887E+14,WP-BFJ-9183,WP BFJ-9183,0,Bike,Extension Department,4/18/2022 16:32,8/9/2017 0:00,0,,61534,,,0,23,Bike,GN-125H,Suzuki,Other,Petrol,Red,,LC6PCJG97J0002602,157FMI-3*F2G01982,0,0,0,0,,0,0,,288900,,,0,,,,,,0,,0,0,0,,0,,,,,,FALSE,,0,,,Available,,,,Released,0,0,,,,
1.68791E+14,WP BCE-5185,WP BCE-5185,0,Bike,Extension Department,5/13/2023 4:27,4/23/2015 0:00,0,,86180,,,,0,Bike,GN-125H,Suzuki,Other,Petrol,Red,,LC6PCJG96F0008771,157FMI-3A3T25705,0,0,0,0,,0,0,,266000,,,0,,,,,,0,,0,0,0,,0,,,,,,FALSE,,0,,,Available,,,,Released,0,0,,,,
1.68898E+14,WP-BDF-8094,WP BDF-8094,0,Bike,Extension Department,4/18/2022 16:32,1/13/2020 0:00,0,,6497,0,0,0,0,Bike,GN-125H,Suzuki,Other,Petrol,Red,,LC6PCJG92G0004539,157FMI-3A3T36821,0,0,0,0,,0,0,,266000,,,0,,,,,,0,,0,0,0,,0,,,,,,FALSE,,0,,,Available,,,,Released,0,0,,,,
1.68908E+14,WP-BDD-4817,WP BDD-4817,0,Bike,Extension Department,4/18/2022 16:32,12/16/2015 0:00,0,,63799,0,0,0,0,Bike,GN-125H,Suzuki,Other,Petrol,Red,,LC6PCJG95G0004129,157FMI-3A3T36353,0,0,0,0,,0,0,,266000,,,0,,,,,,0,,0,0,0,,0,,,,,,FALSE,,0,,,Available,,,,Released,0,0,,,,
1.68846E+14,WP-TN-6552,WP TN-6552,0,Bike,Feed Mixing Unit,4/18/2022 16:32,5/22/2007 0:00,0,,8440,0,0,0,0,Bike,GN-125H,Suzuki,Other,Petrol,Black,,LC6PCJG9670810271,157FM13P0039198,0,0,0,0,,0,0,,95000,,,0,,,,,,0,,0,0,0,,0,,,,,,FALSE,,0,,,Available,,,,Released,0,0,,,,
1.68847E+14,WP-TQ-1895,WP TQ-1895,0,Bike,Feed Mixing Unit,4/18/2022 16:32,5/28/2007 0:00,0,,66845,0,0,0,0,Bike,GN-125H,Suzuki,Other,Petrol,Black,,LC6PCJG9470808583,157FM13P0036567,0,0,0,0,,0,0,,137000,,,0,,,,,,0,,0,0,0,,0,,,,,,FALSE,,0,,,Available,,,,Released,0,0,,,,
1.68858E+14,WP-TQ-9325,WP TQ-9325,0,Bike,Human Resources,4/18/2022 16:32,7/12/2007 0:00,0,,21826,,0,0,95,Bike,GN-125H,Suzuki,Other,Petrol,Red,,LC6PCJG9570813551,157FMI3P0044096,0,0,0,0,,0,0,,136275,,,0,,,,,,0,,0,0,0,,0,,,,,,FALSE,,0,,,Available,,,,Released,0,0,,,,
1.68828E+14,WP-HZ-4114,WP HZ-4114,0,Bike,Human Resources,4/18/2022 16:32,5/21/2004 0:00,0,,1,,0,0,98,Bike,Fiero-FZ,TVS,Other,Petrol,Red,,MD624DE2442C01307,OE2C42001224,0,0,0,0,,0,0,,100000,,,0,,,,,,0,,0,0,0,,0,,,,,,FALSE,,0,,,Available,,,,Released,0,0,,,,
1.68563E+14,WP CAS-5410,WP CAS-5410,0,Car,Human Resources,3/11/2024 4:46,2/1/2024 0:00,0,,0,,,,0,Car,DBA.KSP130-VITZ,Toyota,Manual,Petrol,White / Ash,900,,,0,0,0,0,0,0,0,,0,,,0,,,,,,0,,0,0,0,,0,,,,,,FALSE,,0,,,Available,,,,Released,0,0,,,,
1.68597E+14,WP BJE-9786,WP BJE-9786,0,Bike,I.T.Department,3/11/2024 4:47,2/1/2024 0:00,0,,0,,,,0,Bike,Discovery,Bajaj,Manual,Petrol,White / Ash,900,,,0,0,0,0,0,0,0,,0,,,0,,,,,,0,,0,0,0,,0,,,,,,FALSE,,0,,,Available,,,,Released,0,0,,,,
1.68133E+13,WP CBN-2023,WP CBN-2023,0,Car,General Admin,6/12/2025 11:29,4/1/2025 0:00,0,,0,,,,0,Car,DBA.KSP130-VITZ,Toyota,Auto,Petrol,White / Ash,2500,,,0,0,0,0,0,0,0,,0,,,0,,,,,,0,,0,0,0,,0,,,,,,FALSE,,0,,,Available,,,,Released,0,0,,,,
1.68422E+14,WP WW-4013,WP WW-4013,0,Bike,General Admin,6/23/2023 6:23,1/13/2020 0:00,0,,46061,,,,0,Bike,GN-125H,Suzuki,Other,Petrol,Red,,,,0,0,0,0,,0,0,,266000,,,0,,,,,,0,,0,0,0,,0,,,,,,FALSE,,0,,,Available,,,,Released,0,0,,,,
1.68429E+14,WP PK-7630,WP PK-7630,0,Cab,General Admin,7/3/2025 2:54,8/14/2017 0:00,0,,0,,,,0,Cab,RANGER,FORD,Other,Petrol,Blue/Aluminium,1600,,,0,0,0,0,0,0,0,,0,,,0,,,,,,0,,0,0,0,,0,,,,,,FALSE,,0,,,Available,,,,Released,0,0,,,,
1.68248E+14,SG CBF-7148,SG CBF-7148,0,Jeep,Human Resources,4/12/2023 10:41,4/6/2022 0:00,0,,128200,,,,0,Car,DBA.KSP130-VITZ,Toyota,Other,Petrol,Black,0,NGX10-2003654,SNR-U241767,0,0,0,0,,0,0,,3500000,,,0,,,,,,0,,0,0,0,,0,,,,,,FALSE,,0,,,Available,,,,Released,0,0,,,,
1.68869E+14,WP-WF-0565,WP WF-0565,0,Bike,General Admin,4/18/2022 16:32,1/24/2020 0:00,0,,16590,,0,0,97,Bike,DISCOVER-150-DIS,Bajaj,Other,Petrol,Black Decal Blue,,MD2DSJZZZTWG71100,JZMBTG97077,0,0,0,0,,0,0,,161000,,,0,,,,,,0,,0,0,0,,0,,,,,,FALSE,,0,,,Available,,,,Released,0,0,,,,
1.68872E+14,WP KT-7879,WP KT-7879,0,Car,General Admin,6/21/2023 11:21,8/14/2017 0:00,0,,77106,,,,0,Car,Mini Cooper,Mini Cooper,Auto,Petrol,Red,2500,,,0,0,0,0,0,0,0,,0,,,0,,,,,,0,,0,0,0,,0,,,,,,FALSE,,0,,,Available,,,,Released,0,0,,,,
1.68859E+14,WP-TD-8437,WP TD-8437,0,Bike,General Admin,4/18/2022 16:32,12/12/2006 0:00,0,,20073,,,0,96,Bike,GN-125,Suzuki,Other,Petrol,Black,,LC6PCJG9760805689,157FMI3D075064,0,0,0,0,,0,0,,100000,,,0,,,,,,0,,0,0,0,,0,,,,,,FALSE,,0,,,Available,,,,Released,0,0,,,,
1.68824E+14,WP-TQ-9327,WP TQ-9327,0,Bike,General Admin,4/18/2022 16:32,7/12/2007 0:00,0,,20691,,0,0,73,Bike,GN-125H,Suzuki,Other,Petrol,Red,,LC6PCJG9570813565,157FMI13P0044042,0,0,0,0,,0,0,,136275,,,0,,,,,,0,,0,0,0,,0,,,,,,FALSE,,0,,,Available,,,,Released,0,0,,,,
1.68389E+14,WP KT-2100,WP KT-2100,0,Car,Finance Department,2/5/2024 7:04,8/14/2017 0:00,0,,0,,,,0,Car,DBA.KSP130-VITZ,Toyota,Manual,Petrol,White / Ash,2500,,,0,0,0,0,0,0,0,,0,,,0,,,,,,0,,0,0,0,,0,,,,,,FALSE,,0,,,Available,,,,Released,0,0,,,,
1.687E+14,WP KL-7731,WP KL-7731,0,Car,General Admin,5/23/2023 8:57,5/1/2023 0:00,0,,0,,,,0,Car,DBA-OJ1 AIR WAVE,Honda,Auto,Petrol,Silver,1490,GJ1-1203819,LI5A-5134538,0,0,0,0,0,0,0,,0,,,0,,,,,,0,,0,0,0,,0,,,,,,FALSE,,0,,,Available,,,,Released,0,0,,,,
1.68602E+14,WP CBA-2813,WP CBA-2813,0,Jeep,General Admin,4/26/2023 8:52,8/14/2017 0:00,0,,0,,,,0,Jeep,None,Mitsubishi,Other,Petrol,Grey,2500,,,0,0,0,0,0,0,0,,0,,,0,,,,,,0,,0,0,0,,0,,,,,,FALSE,,0,,,Available,,,,Released,0,0,,,,
1.68647E+14,WP CAH-0560,WP CAH-0560,0,Car,General Admin,11/3/2023 9:00,8/14/2017 0:00,0,,0,,,,0,Car,DBA.KSP130-VITZ,Toyota,Manual,Petrol,White / Ash,2500,,,0,0,0,0,0,0,0,,0,,,0,,,,,,0,,0,0,0,,0,,,,,,FALSE,,0,,,Available,,,,Released,0,0,,,,
1.68575E+14,WP CBA-4346,WP CBA-4346,0,Jeep,General Admin,4/26/2023 10:59,8/14/2017 0:00,0,,0,,,,0,Jeep,None,Mitsubishi,Other,Petrol,Grey,2500,,,0,0,0,0,0,0,0,,0,,,0,,,,,,0,,0,0,0,,0,,,,,,FALSE,,0,,,Available,,,,Released,0,0,,,,
1.68852E+14,WP-VB-2755,WP VB-2755,0,Bike,General Admin,4/18/2022 16:32,8/25/2008 0:00,0,,3560,,0,0,96,Bike,GN-125H,Suzuki,Other,Petrol,Red,,LC6PCJG9790807124,157FMI3AIT23257,0,0,0,0,,0,0,,168000,,,0,,,,,,0,,0,0,0,,0,,,,,,FALSE,,0,,,Available,,,,Released,0,0,,,,
1.68853E+14,WP-VF-6194,WP VF-6194,0,Bike,General Admin,4/18/2022 16:32,11/25/2009 0:00,0,,79120,,,0,80,Bike,GN-125H,Suzuki,Other,Petrol,Red,,LC6PCJG9790814994,157FM13A1T47590,0,0,0,0,,0,0,,168000,,,0,,,,,,0,,0,0,0,,0,,,,,,FALSE,,0,,,Available,,,,Released,0,0,,,,
1.6885E+14,WP-VN-1663,WP VN-1663,0,Bike,General Admin,4/18/2022 16:32,4/21/2010 0:00,0,,11989,,,0,92,Bike,DISCOVER-DTS1,Bajaj,Other,Petrol,Black Macenra Decal,,MD2DSJNZZSWM71620,JNMB5M15762,0,0,0,0,,0,0,,143375,,,0,,,,,,0,,0,0,0,,0,,,,,,FALSE,,0,,,Available,,,,Released,0,0,,,,
1.68861E+14,WP-BCL-6189,WP BCL-6189,0,Bike,General Admin,4/18/2022 16:32,7/2/2015 0:00,0,,52690,,0,0,94,Bike,GN-125H,Suzuki,Other,Petrol,Red,,LC6PCJG96F0010620,157FM1-3A3T30414,0,0,0,0,,0,0,,267500,,,0,,,,,,0,,0,0,0,,0,,,,,,FALSE,,0,,,Available,,,,Released,0,0,,,,
1.68907E+14,WP BDI-3632,WP BDI-3632,0,Bike,Purchasing Department,6/12/2023 3:37,8/14/2009 0:00,0,,10048,,,,0,Bike,PLATINA,Bajaj,Other,Petrol,Other,,0,0,0,0,0,0,,0,0,,100000,,,0,,,,,,0,,0,0,0,,0,,,,,,FALSE,,0,,,Available,,,,Released,0,0,,,,
1.68198E+14,WP KN-9291,WP KN-9291,0,Car,S&M - Head Office,11/3/2023 8:14,8/14/2017 0:00,0,,0,,,,0,Car,DBA.KSP130-VITZ,Toyota,Manual,Petrol,White / Ash,2500,,,0,0,0,0,0,0,0,,0,,,0,,,,,,0,,0,0,0,,0,,,,,,FALSE,,0,,,Available,,,,Released,0,0,,,,
1.68919E+14,WP HM-1472,WP HM-1472,0,Car,S&M - Head Office,11/3/2023 9:08,8/14/2017 0:00,0,,0,,,,0,Car,DBA.KSP130-VITZ,Toyota,Manual,Petrol,White / Ash,2500,,,0,0,0,0,0,0,0,,0,,,0,,,,,,0,,0,0,0,,0,,,,,,FALSE,,0,,,Available,,,,Released,0,0,,,,
1.68823E+14,WP-CBC-2495,WP CBC-2495,0,Car,S&M - Head Office,4/18/2022 16:32,8/1/2018 0:00,0,,189432,,,0,94,Car,DBA.KSP130-VITZ,Toyota,Other,Petrol,Grey,,KSP130-2148109,IKR-1554000,0,0,0,0,,0,0,,3500000,,,0,,,,,,0,,0,0,0,,0,,,,,,FALSE,,0,,,Available,,,,Released,0,0,,,,
1.68884E+14,WP-TQ-8723,WP TQ-8723,0,Bike,S&M - Head Office,4/18/2022 16:32,11/7/2007 0:00,0,,34937,,0,0,65,Bike,GN-125,Suzuki,Other,Petrol,Red,,LC6PCJG9570813534,157FMI3P0044031,0,0,0,0,,0,0,,136275,,,0,,,,,,0,,0,0,0,,0,,,,,,FALSE,,0,,,Available,,,,Released,0,0,,,,
1.68896E+14,WP KN-1504,WP KN-1504,0,Car,S&M - Head Office,11/3/2023 9:08,8/14/2017 0:00,0,,0,,,,0,Car,DBA.KSP130-VITZ,Toyota,Manual,Petrol,White / Ash,2500,,,0,0,0,0,0,0,0,,0,,,0,,,,,,0,,0,0,0,,0,,,,,,FALSE,,0,,,Available,,,,Released,0,0,,,,
1.68492E+14,WP KH-9708,WP KH-9708,0,Car,S&M - Head Office,2/5/2024 7:07,8/14/2017 0:00,0,,482092,,,,0,Car,DBA.KSP130-VITZ,Toyota,Manual,Petrol,White / Ash,2500,,,0,0,0,0,0,0,0,,0,,,0,,,,,,0,,0,0,0,,0,,,,,,FALSE,,0,,,Available,,,,Released,0,0,,,,
1.68499E+14,WP KG-2732,WP KG-2732,0,Car,S&M - Head Office,11/3/2023 15:59,8/14/2017 0:00,0,,0,,,,0,Car,DBA.KSP130-VITZ,Toyota,Manual,Petrol,White / Ash,2500,,,0,0,0,0,0,0,0,,0,,,0,,,,,,0,,0,0,0,,0,,,,,,FALSE,,0,,,Available,,,,Released,0,0,,,,
1.68505E+14,WP CAI-9187,WP CAI-9187,0,Car,S&M - Head Office,11/3/2023 16:00,8/14/2017 0:00,0,,0,,,,0,Car,DBA.KSP130-VITZ,Toyota,Manual,Petrol,White / Ash,2500,,,0,0,0,0,0,0,0,,0,,,0,,,,,,0,,0,0,0,,0,,,,,,FALSE,,0,,,Available,,,,Released,0,0,,,,
1.68562E+14,WP HN-8623,WP HN-8623,0,Lorry,Production Department,9/30/2025 5:17,9/30/2025 0:00,0,MV07000024,129542,,,,96,Lorry,NQR71C,Isuzu,Manual,Petrol,White,1780,SE88TN-207959,F8-599419,0,0,0,0,,0,0,,9500000,,,0,,,,,,0,,0,0,0,,0,,,,,,FALSE,,0,,,Available,,,,Released,0,0,,,,
1.68885E+14,WP-UM-9509,WP UM-9509,0,Bike,Other Location,4/18/2022 16:32,2/9/2008 0:00,0,,60841,0,0,0,0,Bike,GN-125,Suzuki,Other,Petrol,Red,,LC6PCJG9790802277,157FMI3A1T07948,0,0,0,0,,0,0,,154550,,,0,,,,,,0,,0,0,0,,0,,,,,,FALSE,,0,,,Available,,,,Released,0,0,,,,
1.68886E+14,WP-HP-7676,WP HP-7676,0,Bike,Other Location,4/18/2022 16:32,12/17/2003 0:00,0,,0,0,0,0,0,Bike,FIERO-F2,TVS,Other,Petrol,Black,,MD624DE2932L00359,OE2L32000303,0,0,0,0,,0,0,,0,,,0,,,,,,0,,0,0,0,,0,,,,,,FALSE,,0,,,Available,,,,Released,0,0,,,,
1.68476E+14,WP KQ-0072,WP KQ-0072,0,Car,Maintenance Department,7/24/2023 3:30,8/1/2018 0:00,0,,38475,,,,81,Car,DBA.KSP130-VITZ,Toyota,Other,Petrol,Grey,,KSP130-2148109,IKR-1554000,0,0,0,0,,0,0,,3500000,,,0,,,,,,0,,0,0,0,,0,,,,,,FALSE,,0,,,Available,,,,Released,0,0,,,,
1.68879E+14,WP-JA-8269,WP JA-8269,0,Bike,Other Location,4/18/2022 16:32,8/14/2009 0:00,0,,17667,0,0,0,0,Bike,Other,TVS,Other,Petrol,Other,,,,0,0,0,0,,0,0,,100000,,,0,,,,,,0,,0,0,0,,0,,,,,,FALSE,,0,,,Available,,,,Released,0,0,,,,
1.6888E+14,WP-GL-8554,WP GL-8554,0,Bike,Other Location,4/18/2022 16:32,1/15/2002 0:00,0,,0,0,0,0,0,Bike,GN-125,Suzuki,Other,Petrol,Black,,NF41A-104251,F401-109041,0,0,0,0,,0,0,,0,,,0,,,,,,0,,0,0,0,,0,,,,,,FALSE,,0,,,Available,,,,Released,0,0,,,,
1.68881E+14,WP-ME-5682,WP ME-5682,0,Bike,Other Location,4/18/2022 16:32,8/14/2009 0:00,0,,0,0,0,0,0,Bike,Discovery,Bajaj,Other,Petrol,Other,,0,0,0,0,0,0,,0,0,,100000,,,0,,,,,,0,,0,0,0,,0,,,,,,FALSE,,0,,,Available,,,,Released,0,0,,,,
1.68882E+14,WP-MV-9740,WP MV-9740,0,Bike,Other Location,4/18/2022 16:32,7/26/2006 0:00,0,,70705,0,0,0,0,Bike,DISCOVER-DT81,Bajaj,Other,Petrol,Black Decal Blue,,MD2DSDSZZNCB87859,DSGBNB67099,0,0,0,0,,0,0,,100000,,,0,,,,,,0,,0,0,0,,0,,,,,,FALSE,,0,,,Available,,,,Released,0,0,,,,
1.68883E+14,WP-TQ-9324,WP TQ-9324,0,Bike,Other Location,4/18/2022 16:32,12/7/2007 0:00,0,,0,0,0,0,0,Bike,GN-125H,Suzuki,Other,Petrol,Red,,LC6PCJG9670813574,157FMI3P0044023,0,0,0,0,,0,0,,136275,,,0,,,,,,0,,0,0,0,,0,,,,,,FALSE,,0,,,Available,,,,Released,0,0,,,,
1.68899E+14,WP-PX-1430,WP PX-1430,0,Lorry,Other Location,4/18/2022 16:32,6/2/2014 0:00,0,,126998,0,0,0,0,Lorry,U16THNSEL-FREEZER,Mitsubishi,Other,Petrol,White,,U61T-1701369,3G83182493,0,0,0,0,,0,0,,1441071,,,0,,,,,,0,,0,0,0,,0,,,,,,FALSE,,0,,,Available,,,,Released,0,0,,,,
1.689E+14,WP-DAG-2712,WP DAG-2712,0,Lorry,Other Location,4/18/2022 16:32,1/25/2019 0:00,0,,187233,0,0,0,0,Lorry,EBD-8500P-HUET,Daihatsu,Other,Petrol,Other,,S500P-0039446,KF-H104039,0,0,0,0,,0,0,,0,,,0,,,,,,0,,0,0,0,,0,,,,,,FALSE,,0,,,Available,,,,Released,0,0,,,,
1.68888E+14,WP-WV-4032,WP WV-4032,0,Bike,Other Location,4/18/2022 16:32,1/9/2020 0:00,0,,84174,0,0,0,0,Bike,DISCOVER-150-DIS,Bajaj,Other,Petrol,Black Decal Blue,,MD2DSJZZZUWD74041,JZMBUD00810,0,0,0,0,,0,0,,166460,,,0,,,,,,0,,0,0,0,,0,,,,,,FALSE,,0,,,Available,,,,Released,0,0,,,,
1.68889E+14,WP-BCO-3311,WP BCO-3311,0,Bike,Other Location,4/18/2022 16:32,7/27/2015 0:00,0,,0,0,0,0,0,Bike,PLATINA,Bajaj,Other,Petrol,CANDY RED,,MD2A76AZ2FWC41996,PFZWFC76529,0,0,0,0,,0,0,,175990,,,0,,,,,,0,,0,0,0,,0,,,,,,FALSE,,0,,,Available,,,,Released,0,0,,,,
1.68916E+14,WP-WH-6026,WP WH-6026,0,Bike,Maintenance Department,4/18/2022 16:32,2/28/2011 0:00,0,,76913,,0,0,93,Bike,GN-125H,Suzuki,Other,Petrol,Black,,LC6PCJG95B0810321,157FMI3A2T00340,0,0,0,0,,0,0,,151959,,,0,,,,,,0,,0,0,0,,0,,,,,,FALSE,,0,,,Available,,,,Released,0,0,,,,
1.68868E+14,WP-UA-2076,WP UA-2076,0,Bike,Maintenance Department,4/18/2022 16:32,12/18/2007 0:00,0,,20080,,0,0,61,Bike,PLATINA,Bajaj,Other,Petrol,Cocktail Wine Red,,MD2DDDZZZWE95512,DUMBPE57498,0,0,0,0,,0,0,,99750,,,0,,,,,,0,,0,0,0,,0,,,,,,FALSE,,0,,,Available,,,,Released,0,0,,,,
1.68862E+14,WP-WL-4742,WP WL-4742,0,Bike,Kottawa Direct Sales,4/18/2022 16:32,4/25/2011 0:00,0,,30938,,,0,0,Bike,GN-125H,Suzuki,Other,Petrol,Black,,LC6PCJG97C0000075,157FMI3A2T02542,0,0,0,0,,0,0,,318710,,,0,,,,,,0,,0,0,0,,0,,,,,,FALSE,,0,,,Available,,,,Released,0,0,,,,
1.68933E+14,WP-QU-0055,WP QU-0055,0,Three-Wheel,General Admin,4/18/2022 16:35,9/29/2009 0:00,0,,30017,,,,92,Three-Whee,BAJAJ-4-8,Bajaj,Other,Petrol,Champagne,0,MD2AAAAZZSWE17604,AAMBSE38491,0,0,0,0,0,0,0,,303250,,,0,,,,,,0,,0,0,0,,0,,,,,,FALSE,,0,,,Available,,,,Released,0,0,,,,
1.68909E+14,WP-CAP-6510,WP CAP-6510,0,Car,General Admin,4/18/2022 16:32,4/20/2016 0:00,0,,284888,,0,0,96,Car,DAA-MH44S-WAGON-R,Suzuki,Other,Petrol,Pearl,,MH448-104032,R06A-WA04A-A567397,0,0,0,0,,0,0,,2900000,,,0,,,,,,0,,0,0,0,,0,,,,,,FALSE,,0,,,Available,,,,Released,0,0,,,,
1.6891E+14,WP-UD-1232,WP UD-1232,0,Bike,General Admin,4/18/2022 16:32,2/14/2008 0:00,0,,59261,,0,0,95,Bike,GN-125H,Suzuki,Other,Petrol,Red,,LC6PCJG9080803480,157FMI3P0076772,0,0,0,0,,0,0,,142600,,,0,,,,,,0,,0,0,0,,0,,,,,,FALSE,,0,,,Available,,,,Released,0,0,,,,
1.68915E+14,WP CAK-7884,WP CAK-7884,0,Car,General Admin,5/22/2023 6:34,8/14/2017 0:00,0,,58472,,,,0,Car,Mini Cooper,Mini Cooper,Auto,Petrol,Red,2500,,,0,0,0,0,0,0,0,,0,,,0,,,,,,0,,0,0,0,,0,,,,,,FALSE,,0,,,Available,,,,Released,0,0,,,,
1.68917E+14,WP-WL-4734,WP WL-4734,0,Bike,General Admin,4/18/2022 16:32,4/25/2011 0:00,0,,77234,,0,0,68,Bike,GN-125H,Suzuki,Other,Petrol,Black,,LC6PCJG95C0000124,157FMI3A2T02602,0,0,0,0,,0,0,,318710,,,0,,,,,,0,,0,0,0,,0,,,,,,FALSE,,0,,,Available,,,,Released,0,0,,,,
1.6857E+14,BDJ-9922,BDJ-9922 (NB),0,Admin,Thunkama,3/10/2026 11:45,,0,,16806,0,0,0,0,Bike,PLATINA,Bajaj,Other,Petrol,Other,,,,0,0,0,0,,0,0,,0,,,0,,,,,,0,,0,0,0,,0,,,,,,FALSE,,0,,,Available,,,,Released,0,0,,,,
1.68562E+14,VS-5151,VS-5151 (NB),0,Admin,Thunkama,3/10/2026 11:45,,0,,24226,0,0,0,0,Bike,PLATINA,Bajaj,Other,Petrol,Other,,,,0,0,0,0,,0,0,,0,,,0,,,,,,0,,0,0,0,,0,,,,,,FALSE,,0,,,Available,,,,Released,0,0,,,,
1.68873E+14,CP KK-0514,CP KK-0514,0,Car,Nelna Agri Development (Pvt) Ltd,11/3/2023 9:07,8/14/2017 0:00,0,,0,,,,0,Car,DBA.KSP130-VITZ,Toyota,Manual,Petrol,White / Ash,2500,,,0,0,0,0,0,0,0,,0,,,0,,,,,,0,,0,0,0,,0,,,,,,FALSE,,0,,,Available,,,,Released,0,0,,,,
1.68158E+14,WP CAM-8684,WP CAM-8684,0,Car,Sales & Distribution - Embilipitiya,8/14/2023 6:14,8/14/2017 0:00,0,,78876,,,,0,Car,DAA-MH44S-WAGON-R,Suzuki,Auto,Petrol,Aluminium White,2500,,,0,0,0,0,0,0,0,,0,,,0,,,,,,0,,0,0,0,,0,,,,,,FALSE,,0,,,Available,,,,Released,0,0,,,,
1.68634E+14,WP HL-2941,WP HL-2941,0,Car,S&M - Kandy DC,5/10/2023 4:44,10/23/2012 0:00,0,,149390,,,,0,Car,,,Auto,Petrol,Orange,,,,0,0,0,0,,0,0,,6184880,,,0,,,,,,0,,0,0,0,,0,,,,,,FALSE,,0,,,Available,,,,Released,0,0,,,,
1.68826E+14,WP CAW-6752,WP CAW-6752,0,Car,S&M - Negambo DC,11/3/2023 9:05,8/14/2017 0:00,0,,0,,,,0,Car,DBA.KSP130-VITZ,Toyota,Manual,Petrol,White / Ash,2500,,,0,0,0,0,0,0,0,,0,,,0,,,,,,0,,0,0,0,,0,,,,,,FALSE,,0,,,Available,,,,Released,0,0,,,,
1.6881E+14,WP-BHP-3107,WP BHB-3107,0,Bike,S&M - Kandy DC,4/18/2022 16:32,12/10/2018 0:00,0,,87943,,,0,0,Bike,GN-125H,Suzuki,Other,Petrol,Red,,LC6PCJG94K0000937,157FMI-3 F2G12197,0,0,0,0,,0,0,,314900,,,0,,,,,,0,,0,0,0,,0,,,,,,FALSE,,0,,,Available,,,,Released,0,0,,,,
1.68817E+14,WP-DAG-7532,WP DAG-7532,0,Lorry,S&M - Head Office,4/18/2022 16:32,1/10/2019 0:00,0,,171957,,0,0,98,Lorry,EBD-S500P-HIJET,Daihatsu,Other,Petrol,White,,S500P-0039446,KF-H104039,0,0,0,0,,0,0,,2060920,,,0,,,,,,0,,0,0,0,,0,,,,,,FALSE,,0,,,Available,,,,Released,0,0,,,,
1.68143E+13,WP CAZ-3762,WP CAZ-3762,0,Car,S&M - Kandy DC,12/4/2023 3:18,8/14/2017 0:00,0,,24065,,,,0,Car,DAA-MH44S-WAGON-R,Suzuki,Auto,Petrol,Red,2500,,,0,0,0,0,0,0,0,,0,,,0,,,,,,0,,0,0,0,,0,,,,,,FALSE,,0,,,Available,,,,Released,0,0,,,,
1.68625E+14,WP CAC-6786,WP CAC-6786,0,Car,S&M - Head Office,11/3/2023 9:00,8/14/2017 0:00,0,,0,,,,0,Car,DBA.KSP130-VITZ,Toyota,Manual,Petrol,White / Ash,2500,,,0,0,0,0,0,0,0,,0,,,0,,,,,,0,,0,0,0,,0,,,,,,FALSE,,0,,,Available,,,,Released,0,0,,,,
1.68729E+14,WP CBL-5972,WP CBL-5972,0,Car,S&M - Head Office,5/10/2023 4:48,10/23/2012 0:00,0,,41102,,,,0,Car,,,Auto,Petrol,Blue,,,,0,0,0,0,,0,0,,6184880,,,0,,,,,,0,,0,0,0,,0,,,,,,FALSE,,0,,,Available,,,,Released,0,0,,,,
1.68577E+14,WP CAC-5859,WP CAC-5859,0,Car,S&M - Head Office,11/3/2023 8:58,8/14/2017 0:00,0,,0,,,,0,Car,DBA.KSP130-VITZ,Toyota,Manual,Petrol,White / Ash,2500,,,0,0,0,0,0,0,0,,0,,,0,,,,,,0,,0,0,0,,0,,,,,,FALSE,,0,,,Available,,,,Released,0,0,,,,
1.68703E+14,WP CAP-6666,WP CAP-6666,0,Car,Quality Assurance,11/3/2023 9:02,8/14/2017 0:00,0,,0,,,,0,Car,DBA.KSP130-VITZ,Toyota,Manual,Petrol,White / Ash,2500,,,0,0,0,0,0,0,0,,0,,,0,,,,,,0,,0,0,0,,0,,,,,,FALSE,,0,,,Available,,,,Released,0,0,,,,
1.6875E+14,WP CAR-4271,WP CAR-4271,0,Car,S&M - Head Office,11/3/2023 9:03,8/14/2017 0:00,0,,0,,,,0,Car,DBA.KSP130-VITZ,Toyota,Manual,Petrol,White / Ash,2500,,,0,0,0,0,0,0,0,,0,,,0,,,,,,0,,0,0,0,,0,,,,,,FALSE,,0,,,Available,,,,Released,0,0,,,,
1.68572E+14,WP KV-2004,WP KV-2004,0,Car,Nelna Agri Development (Pvt) Ltd,1/3/2024 3:48,8/14/2017 0:00,0,,0,,,,0,Car,DBA.KSP130-VITZ,Toyota,Manual,Petrol,White / Ash,2500,,,0,0,0,0,0,0,0,,0,,,0,,,,,,0,,0,0,0,,0,,,,,,FALSE,,0,,,Available,,,,Released,0,0,,,,
1.68826E+14,WP-MX-6008,WP MX-6008,0,Bike,Wariyapola,4/18/2022 16:32,8/23/2006 0:00,0,,5160,0,0,0,0,Bike,GN-125H,Suzuki,Other,Petrol,Black,,LC6PCJG9060813178,157FMI3P0011493,0,0,0,0,,0,0,,90000,,,0,,,,,,0,,0,0,0,,0,,,,,,FALSE,,0,,,Available,,,,Released,0,0,,,,
1.68827E+14,WP-TX-1829,WP TX-1829,0,Bike,Wariyapola,4/18/2022 16:32,10/24/2007 0:00,0,,9859,0,0,0,0,Bike,GN-125H,Suzuki,Other,Petrol,Red,,LC6PCJG9080800045,157FMI3P0070620,0,0,0,0,,0,0,,142600,,,0,,,,,,0,,0,0,0,,0,,,,,,FALSE,,0,,,Available,,,,Released,0,0,,,,
1.68462E+14,CP KQ-5986,CP KQ-5986,0,Car,Nelna Agri Development (Pvt) Ltd,2/5/2024 7:06,8/14/2017 0:00,0,,0,,,,0,Car,DBA.KSP130-VITZ,Toyota,Manual,Petrol,White / Ash,2500,,,0,0,0,0,0,0,0,,0,,,0,,,,,,0,,0,0,0,,0,,,,,,FALSE,,0,,,Available,,,,Released,0,0,,,,
1.68411E+14,NW HX-9136,NW HX-9136,0,Car,Nelna Agri Development (Pvt) Ltd,2/5/2024 7:05,8/14/2017 0:00,0,,0,,,,0,Car,DBA.KSP130-VITZ,Toyota,Manual,Petrol,White / Ash,2500,,,0,0,0,0,0,0,0,,0,,,0,,,,,,0,,0,0,0,,0,,,,,,FALSE,,0,,,Available,,,,Released,0,0,,,,
1.68558E+14,TM-8927,TM-8927 (NB),0,Admin,Thunkama,3/10/2026 11:45,,0,,15859,0,0,0,0,Bike,PLATINA,Bajaj,Other,Petrol,Other,,,,0,0,0,0,,0,0,,0,,,0,,,,,,0,,0,0,0,,0,,,,,,FALSE,,0,,,Available,,,,Released,0,0,,,,
1.6856E+14,UA-2073,UA-2073 (NB),0,Admin,Thunkama,3/10/2026 11:45,,0,,0,0,0,0,0,Bike,PLATINA,Bajaj,Other,Petrol,Other,,,,0,0,0,0,,0,0,,0,,,0,,,,,,0,,0,0,0,,0,,,,,,FALSE,,0,,,Available,,,,Released,0,0,,,,
1.68561E+14,UJ-9850,UJ-9850 (NB),0,Admin,Thunkama,3/10/2026 11:45,,0,,77445,0,0,0,0,Bike,PLATINA,Bajaj,Other,Petrol,Other,,,,0,0,0,0,,0,0,,0,,,0,,,,,,0,,0,0,0,,0,,,,,,FALSE,,0,,,Available,,,,Released,0,0,,,,
1.68556E+14,QK-7879,QK-7879 (NB),0,Admin,Thunkama,3/10/2026 11:45,,0,,77286,0,0,0,0,Three-Whee,PLATINA,Bajaj,Other,Petrol,Other,,,,0,0,0,0,,0,0,,0,,,0,,,,,,0,,0,0,0,,0,,,,,,FALSE,,0,,,Available,,,,Released,0,0,,,,
1.68192E+14,BGT-9877,BGT-9877(NB),0,Admin,Thunkama,3/26/2026 6:37,,0,,4322,,,,0,Bike,None,Hero_Honda,Manual,Petrol,,0,,,0,0,0,0,0,0,0,,0,,,0,,,,,,0,,0,0,0,,0,,,,,,FALSE,,0,,,Available,,,,Released,0,0,,,,
1.68918E+14,WP-CAO-1563,WP CAO-1563,0,Car,General Admin,4/18/2022 16:32,12/22/2015 0:00,0,,352693,,0,0,83,Car,DAA-MH44S-WAGON-R,Suzuki,Other,Petrol / ELE,Pearl White,,MH44S-114038,R06A-WA04A-A621799,0,0,0,0,,0,0,,2963490,,,0,,,,,,0,,0,0,0,,0,,,,,,FALSE,,0,,,Available,,,,Released,0,0,,,,
1.6886E+14,WP-CAU-4247,WP CAU-4247,0,Car,Finance Department,4/18/2022 16:32,5/19/2017 0:00,0,,249824,,0,0,24,Car,DAA-MH44S-WAGON-R,Suzuki,Other,Petrol / ELE,Pearl,,MH44S-121140,R06A.WA04A.A659178,0,0,0,0,,0,0,,3196300,,,0,,,,,,0,,0,0,0,,0,,,,,,FALSE,,0,,,Available,,,,Released,0,0,,,,
1.68851E+14,WP-CAN-9350,WP CAN-9350,0,Car,Finance Department,4/18/2022 16:32,12/14/2015 0:00,0,,361978,0,0,0,0,Car,DAA-MH44S-WAGON-R,Suzuki,Other,Petrol / ELE,Pearl,,MH44S-132357,R06A-WA04A-A763263,0,0,0,0,,0,0,,2932500,,,0,,,,,,0,,0,0,0,,0,,,,,,FALSE,,0,,,Available,,,,Released,0,0,2/1/2023 0:00,1/1/1753 9:00:00 AM,2/1/2023 0:00,1/1/1753 5:00:00 PM
